Site,CODE,Strata,Species,No.,72CAT_1,72CAT_2,72CAT_3,72CAT_4,72CAT_5,collector,date,weather,Bird72,Arth72,Mam72,Lost72,NonLost72H,TotalPred72H,Survived72H,BirdProp,ArthProp,72CAT_1,72CAT_2,72CAT_3,72CAT_4,72CAT_5
TOM,TOM_SP1,U,Magnolia_kobus,1,1,1,1,1,1,legi+mata/katka,23/07/2018,partly cloudy,0,0,0,0,5,0,5,0,0,,,,,
TOM,TOM_SP1,U,Magnolia_kobus,2,1,1,1,1,1,legi+mata/katka,23/07/2018,partly cloudy,0,0,0,0,5,0,5,0,0,,,,,
TOM,TOM_SP1,U,Magnolia_kobus,5,1,Snail,1,1,1,legi+mata/katka,23/07/2018,partly cloudy,0,0,0,1,4,0,4,0,0,,,,,
TOM,TOM_SP1,U,Magnolia_kobus,6,1,1,1,1,Bird,legi+mata/katka,23/07/2018,partly cloudy,1,0,0,0,5,1,4,0.2,0,,,,,1
TOM,TOM_SP1,U,Magnolia_kobus,7,1,1,1,Arth,Arth,legi+mata/katka,23/07/2018,partly cloudy,0,2,0,0,5,2,3,0,0.4,,,,,
TOM,TOM_SP1,U,Magnolia_kobus,8,1,1,1,1,1,legi+mata/katka,23/07/2018,partly cloudy,0,0,0,0,5,0,5,0,0,,,,,
TOM,TOM_SP2,U,Syringa_reticulata,2,1,1,1,1,Mam,legi+mata/katka,23/07/2018,partly cloudy,0,0,1,0,5,1,4,0,0,,,,,
TOM,TOM_SP2,U,Syringa_reticulata,3,1,1,Arth,1,1,legi+mata/katka,23/07/2018,partly cloudy,0,1,0,0,5,1,4,0,0.2,,,,,
TOM,TOM_SP2,U,Syringa_reticulata,4,1,Arth,1,1,1,legi+mata/katka,23/07/2018,partly cloudy,0,1,0,0,5,1,4,0,0.2,,,,,
TOM,TOM_SP2,U,Syringa_reticulata,5,1,1,Arth,1,Snail,legi+mata/katka,23/07/2018,partly cloudy,0,1,0,1,4,1,3,0,0.25,,,,,
TOM,TOM_SP2,U,Syringa_reticulata,6,1,1,1,1,1,legi+mata/katka,23/07/2018,partly cloudy,0,0,0,0,5,0,5,0,0,,,,,
TOM,TOM_SP2,U,Syringa_reticulata,7,1,1,1,1,1,legi+mata/katka,23/07/2018,partly cloudy,0,0,0,0,5,0,5,0,0,,,,,
TOM,TOM_SP3,U,Carpinus_cordata,3,1,1,1,1,1,legi+mata/katka,23/07/2018,partly cloudy,0,0,0,0,5,0,5,0,0,,,,,
TOM,TOM_SP3,U,Carpinus_cordata,4,1,1,1,1,1,legi+mata/katka,23/07/2018,partly cloudy,0,0,0,0,5,0,5,0,0,,,,,
TOM,TOM_SP3,U,Carpinus_cordata,5,1,1,1,1,1,legi+mata/katka,23/07/2018,partly cloudy,0,0,0,0,5,0,5,0,0,,,,,
TOM,TOM_SP3,U,Carpinus_cordata,6,1,1,1,1,1,legi+mata/katka,23/07/2018,partly cloudy,0,0,0,0,5,0,5,0,0,,,,,
TOM,TOM_SP3,U,Carpinus_cordata,7,1,1,Arth,1,Bird,legi+mata/katka,23/07/2018,partly cloudy,1,1,0,0,5,2,3,0.2,0.2,,,,,1
TOM,TOM_SP3,U,Carpinus_cordata,8,1,1,1,1,1,legi+mata/katka,23/07/2018,partly cloudy,0,0,0,0,5,0,5,0,0,,,,,
TOM,TOM_SP4,U,Acer_mono,1,1,1,1,1,1,legi+mata/katka,23/07/2018,partly cloudy,0,0,0,0,5,0,5,0,0,,,,,
TOM,TOM_SP4,U,Acer_mono,3,1,1,Arth,1,1,legi+mata/katka,23/07/2018,partly cloudy,0,1,0,0,5,1,4,0,0.2,,,,,
TOM,TOM_SP4,U,Acer_mono,4,1,1,Arth,1,Arth,legi+mata/katka,23/07/2018,partly cloudy,0,2,0,0,5,2,3,0,0.4,,,,,
TOM,TOM_SP4,U,Acer_mono,5,1,1,1,Bird,1,legi+mata/katka,23/07/2018,partly cloudy,1,0,0,0,5,1,4,0.2,0,,,,1,
TOM,TOM_SP4,U,Acer_mono,6,1,Arth,Snail,1,1,legi+mata/katka,23/07/2018,partly cloudy,0,1,0,0,5,1,4,0,0.2,,,,,
TOM,TOM_SP4,U,Acer_mono,7,1,1,Bird,1,1,legi+mata/katka,23/07/2018,partly cloudy,1,0,0,0,5,1,4,0.2,0,,,1,,
TOM,TOM_SP5,U,Prunus_ssiori,3,1,Bird,1,1,1,legi+mata/katka,23/07/2018,partly cloudy,1,0,0,0,5,1,4,0.2,0,,1,,,
TOM,TOM_SP5,U,Prunus_ssiori,4,1,1,1,1,1,legi+mata/katka,23/07/2018,partly cloudy,0,0,0,0,5,0,5,0,0,,,,,
TOM,TOM_SP5,U,Prunus_ssiori,5,1,1,1,1,1,legi+mata/katka,23/07/2018,partly cloudy,0,0,0,0,5,0,5,0,0,,,,,
TOM,TOM_SP5,U,Prunus_ssiori,6,1,1,1,Arth,1,legi+mata/katka,23/07/2018,partly cloudy,0,1,0,0,5,1,4,0,0.2,,,,,
TOM,TOM_SP5,U,Prunus_ssiori,7,1,snail,Arth,snail,Mam,legi+mata/katka,23/07/2018,partly cloudy,0,1,1,2,3,2,1,0,0.333333333,,,,,
TOM,TOM_SP6,U,Acer_palmatum,1,1,1,1,1,Arth,legi+mata/katka,23/07/2018,partly cloudy,0,1,0,0,5,1,4,0,0.2,,,,,
TOM,TOM_SP6,U,Acer_palmatum,2,1,1,1,1,1,legi+mata/katka,23/07/2018,partly cloudy,0,0,0,0,5,0,5,0,0,,,,,
TOM,TOM_SP6,U,Acer_palmatum,3,1,Arth,1,Arth,1,legi+mata/katka,23/07/2018,partly cloudy,0,2,0,0,5,2,3,0,0.4,,,,,
TOM,TOM_SP6,U,Acer_palmatum,4,1,1,1,1,1,legi+mata/katka,23/07/2018,partly cloudy,0,0,0,0,5,0,5,0,0,,,,,
TOM,TOM_SP6,U,Acer_palmatum,6,1,1,1,1,1,legi+mata/katka,23/07/2018,partly cloudy,0,0,0,0,5,0,5,0,0,,,,,
TOM,TOM_SP6,U,Acer_palmatum,7,1,1,1,1,1,legi+mata/katka,23/07/2018,partly cloudy,0,0,0,0,5,0,5,0,0,,,,,
TOM,TOM_SP6,U,Acer_palmatum,8,1,1,1,1,Bird,legi+mata/katka,23/07/2018,partly cloudy,1,0,0,0,5,1,4,0.2,0,,,,,1
TOM,TOM_SP7,U,Fraxinus_lanuginosa,1,1,1,1,1,1,legi+mata/katka,23/07/2018,partly cloudy,0,0,0,0,5,0,5,0,0,,,,,
TOM,TOM_SP7,U,Fraxinus_lanuginosa,2,1,1,1,1,1,legi+mata/katka,23/07/2018,partly cloudy,0,0,0,0,5,0,5,0,0,,,,,
TOM,TOM_SP7,U,Fraxinus_lanuginosa,4,1,1,1,1,1,legi+mata/katka,23/07/2018,partly cloudy,0,0,0,0,5,0,5,0,0,,,,,
TOM,TOM_SP7,U,Fraxinus_lanuginosa,5,1,1,1,1,Bird,legi+mata/katka,23/07/2018,partly cloudy,1,0,0,0,5,1,4,0.2,0,,,,,1
TOM,TOM_SP7,U,Fraxinus_lanuginosa,6,1,1,Arth,Arth,Arth,legi+mata/katka,23/07/2018,partly cloudy,0,3,0,0,5,3,2,0,0.6,,,,,
TOM,TOM_SP8,U,Betula_maximowiczia,1,1,Bird,snail,1,1,legi+mata/katka,31/08/2018,partly cloudy,1,0,0,1,4,1,3,0.25,0,,1,,,
TOM,TOM_SP8,U,Betula_maximowiczia,3,1,Bird,1,1,1,legi+mata/katka,31/08/2018,partly cloudy,1,0,0,0,5,1,4,0.2,0,,1,,,
TOM,TOM_SP8,U,Betula_maximowiczia,4,1,1,Bird,1,1,legi+mata/katka,31/08/2018,partly cloudy,1,0,0,0,5,1,4,0.2,0,,,1,,
TOM,TOM_SP9,C,Acer_mono,3,1,1,Mam,Mam,Bird,abe+katka/mata,23/07/2018,"nice, sunny",1,0,2,0,5,3,2,0.2,0,,,,,1
TOM,TOM_SP9,C,Acer_mono,5,1,1,1,Mam,Bird,abe+katka/mata,23/07/2018,"nice, sunny",1,0,1,0,5,2,3,0.2,0,,,,,1
TOM,TOM_SP8,U,Betula_maximowiczia,7,1,1,Arth,1,1,legi+mata/katka,31/08/2018,partly cloudy,0,1,0,0,5,1,4,0,0.2,,,,,
TOM,TOM_SP8,U,Betula_maximowiczia,8,1,1,1,1,1,legi+mata/katka,31/08/2018,partly cloudy,0,0,0,0,5,0,5,0,0,,,,,
TOM,TOM_SP9,C,Acer_mono,1,1,1,1,1,Arth,abe+katka/mata,23/07/2018,"nice, sunny",0,1,0,0,5,1,4,0,0.2,,,,,
TOM,TOM_SP9,C,Acer_mono,8,1,1,1,Mam,Bird,abe+katka/mata,23/07/2018,"nice, sunny",1,0,1,0,5,2,3,0.2,0,,,,,1
TOM,TOM_SP9,C,Acer_mono,4,1,1,1,1,1,abe+katka/mata,23/07/2018,"nice, sunny",0,0,0,0,5,0,5,0,0,,,,,
TOM,TOM_SP10,C,Acer_palmatum,1,1,1,Mam,Mam,Bird,abe+katka/mata,23/07/2018,"nice, sunny",1,0,2,0,5,3,2,0.2,0,,,,,1
TOM,TOM_SP10,C,Acer_palmatum,3,1,1,1,Arth,Bird,abe+katka/mata,23/07/2018,"nice, sunny",1,1,0,0,5,2,3,0.2,0.2,,,,,1
TOM,TOM_SP10,C,Acer_palmatum,4,1,1,Mam,Mam,Bird,abe+katka/mata,23/07/2018,"nice, sunny",1,0,2,0,5,3,2,0.2,0,,,,,1
TOM,TOM_SP11,C,Fraxinus_lanuginosa,1,1,1,1,1,Bird,abe+katka/mata,23/07/2018,"nice, sunny",1,0,0,0,5,1,4,0.2,0,,,,,1
TOM,TOM_SP11,C,Fraxinus_lanuginosa,2,1,1,1,Arth,Bird,abe+katka/mata,23/07/2018,"nice, sunny",1,1,0,0,5,2,3,0.2,0.2,,,,,1
TOM,TOM_SP11,C,Fraxinus_lanuginosa,3,1,1,Mam,Mam,Bird,abe+katka/mata,23/07/2018,"nice, sunny",1,0,2,0,5,3,2,0.2,0,,,,,1
TOM,TOM_SP11,C,Fraxinus_lanuginosa,4,1,1,1,1,Bird,abe+katka/mata,23/07/2018,"nice, sunny",1,0,0,0,5,1,4,0.2,0,,,,,1
TOM,TOM_SP11,C,Fraxinus_lanuginosa,8,1,1,1,Arth,Bird,abe+katka/mata,23/07/2018,"nice, sunny",1,1,0,0,5,2,3,0.2,0.2,,,,,1
TOM,TOM_SP12,C,Carpinus_cordata,1,1,Arth,1,1,Bird,abe+katka/mata,23/07/2018,"nice, sunny",1,1,0,0,5,2,3,0.2,0.2,,,,,1
TOM,TOM_SP12,C,Carpinus_cordata,5,1,1,1,Mam,Bird,abe+katka/mata,23/07/2018,"nice, sunny",1,0,1,0,5,2,3,0.2,0,,,,,1
TOM,TOM_SP11,C,Fraxinus_lanuginosa,6,1,1,1,1,Arth,abe+katka/mata,23/07/2018,"nice, sunny",0,1,0,0,5,1,4,0,0.2,,,,,
TOM,TOM_SP11,C,Fraxinus_lanuginosa,7,1,1,1,1,Arth,abe+katka/mata,23/07/2018,"nice, sunny",0,1,0,0,5,1,4,0,0.2,,,,,
DRO,DRO_SP4,U,Haplosticanthus_ramiflorus,6,1,Arth,Arth,1,AB,marketa,29/11/2018,sunny,1,2,0,0,5,3,2,0.2,0.4,,,,,1
DRO,DRO_SP9,C,Cryptocarya_sp.,1,1,1,Bird,1,1,marketa,29/11/2018,sunny,1,0,0,0,5,1,4,0.2,0,,,1,,
TOM,TOM_SP12,C,Carpinus_cordata,2,1,1,1,1,1,abe+katka/mata,23/07/2018,"nice, sunny",0,0,0,0,5,0,5,0,0,,,,,
TOM,TOM_SP12,C,Carpinus_cordata,3,1,1,Arth,Arth,Arth,abe+katka/mata,23/07/2018,"nice, sunny",0,3,0,0,5,3,2,0,0.6,,,,,
TOM,TOM_SP12,C,Carpinus_cordata,4,1,1,1,1,1,abe+katka/mata,23/07/2018,"nice, sunny",0,0,0,0,5,0,5,0,0,,,,,
DRO,DRO_SP9,C,Cryptocarya_sp.,2,1,1,Bird,Arth,Arth,marketa,29/11/2018,sunny,1,2,0,0,5,3,2,0.2,0.4,,,1,,
TOM,TOM_SP12,C,Carpinus_cordata,6,1,1,Arth,Mam,1,abe+katka/mata,23/07/2018,"nice, sunny",0,1,1,0,5,2,3,0,0.2,,,,,
TOM,TOM_SP12,C,Carpinus_cordata,7,1,1,1,Arth,Mam,abe+katka/mata,23/07/2018,"nice, sunny",0,1,1,0,5,2,3,0,0.2,,,,,
TOM,TOM_SP12,C,Carpinus_cordata,8,1,1,1,1,1,abe+katka/mata,23/07/2018,"nice, sunny",0,0,0,0,5,0,5,0,0,,,,,
DRO,DRO_SP9,C,Cryptocarya_sp.,3,1,1,1,1,AB,marketa,29/11/2018,sunny,1,1,0,0,5,2,3,0.2,0.2,,,,,1
DRO,DRO_SP11,C,Myristica_globosa,6,1,1,1,1,Bird,marketa,29/11/2018,sunny,1,0,0,0,5,1,4,0.2,0,,,,,1
DRO,DRO_SP12,C,Syzygium_graveolens,7,1,1,1,Bird,Arth,marketa,29/11/2018,sunny,1,1,0,0,5,2,3,0.2,0.2,,,,1,
EUC,EUC_SP1,U,Bursaria_spinosa,2,1,Bird,1,1,Arth,honza,11/04/2019,cloudy/sunny,1,1,0,0,5,2,3,0.2,0.2,,1,,,
TOM,TOM_SP14,C,Prunus_ssiori,1,1,1,1,1,1,abe+katka/mata,23/07/2018,"nice, sunny",0,0,0,0,5,0,5,0,0,,,,,
TOM,TOM_SP14,C,Prunus_ssiori,2,1,1,1,1,Mam,abe+katka/mata,23/07/2018,"nice, sunny",0,0,1,0,5,1,4,0,0,,,,,
TOM,TOM_SP14,C,Prunus_ssiori,3,1,1,1,1,1,abe+katka/mata,23/07/2018,"nice, sunny",0,0,0,0,5,0,5,0,0,,,,,
TOM,TOM_SP14,C,Prunus_ssiori,4,1,1,1,1,Mam,abe+katka/mata,23/07/2018,"nice, sunny",0,0,1,0,5,1,4,0,0,,,,,
TOM,TOM_SP14,C,Prunus_ssiori,6,1,1,1,1,Mam,abe+katka/mata,23/07/2018,"nice, sunny",0,0,1,0,5,1,4,0,0,,,,,
TOM,TOM_SP14,C,Prunus_ssiori,7,1,Mam,Mam,Mam,Mam,abe+katka/mata,23/07/2018,"nice, sunny",0,0,4,0,5,4,1,0,0,,,,,
TOM,TOM_SP14,C,Prunus_ssiori,8,1,1,1,1,Mam,abe+katka/mata,23/07/2018,"nice, sunny",0,0,1,0,5,1,4,0,0,,,,,
TOM,TOM_SP15,C,Ostrya_japonica,3,1,1,Arth,1,Mam,abe+katka/mata,23/07/2018,"nice, sunny",0,1,1,0,5,2,3,0,0.2,,,,,
TOM,TOM_SP15,C,Ostrya_japonica,4,1,1,1,1,Mam,abe+katka/mata,23/07/2018,"nice, sunny",0,0,1,0,5,1,4,0,0,,,,,
TOM,TOM_SP15,C,Ostrya_japonica,5,1,1,1,Mam,Mam,abe+katka/mata,23/07/2018,"nice, sunny",0,0,2,0,5,2,3,0,0,,,,,
TOM,TOM_SP15,C,Ostrya_japonica,7,1,1,Snail,1,1,abe+katka/mata,23/07/2018,"nice, sunny",0,0,0,1,4,0,4,0,0,,,,,
TOM,TOM_SP15,C,Ostrya_japonica,8,1,1,1,1,1,abe+katka/mata,23/07/2018,"nice, sunny",0,0,0,0,5,0,5,0,0,,,,,
DRO,DRO_SP1,U,Cryptocarya_sp.,1,1,1,1,Arth,1,marketa,29/11/2018,sunny,0,1,0,0,5,1,4,0,0.2,,,,,
DRO,DRO_SP1,U,Cryptocarya_sp.,2,1,1,1,Arth,1,marketa,29/11/2018,sunny,0,1,0,0,5,1,4,0,0.2,,,,,
DRO,DRO_SP1,U,Cryptocarya_sp.,3,1,1,1,1,1,marketa,29/11/2018,sunny,0,0,0,0,5,0,5,0,0,,,,,
DRO,DRO_SP1,U,Cryptocarya_sp.,5,1,1,1,Arth,Arth,marketa,29/11/2018,sunny,0,2,0,0,5,2,3,0,0.4,,,,,
DRO,DRO_SP1,U,Cryptocarya_sp.,7,1,1,1,1,1,marketa,29/11/2018,sunny,0,0,0,0,5,0,5,0,0,,,,,
DRO,DRO_SP2,U,Argyrodendron_peralatum,1,1,1,Arth,Arth,1,marketa,29/11/2018,sunny,0,2,0,0,5,2,3,0,0.4,,,,,
DRO,DRO_SP2,U,Argyrodendron_peralatum,2,1,1,Arth,Arth,1,marketa,29/11/2018,sunny,0,2,0,0,5,2,3,0,0.4,,,,,
DRO,DRO_SP2,U,Argyrodendron_peralatum,5,1,1,1,1,1,marketa,29/11/2018,sunny,0,0,0,0,5,0,5,0,0,,,,,
DRO,DRO_SP3,U,Myristica_globosa,3,1,Arth,1,Arth,1,marketa,29/11/2018,sunny,0,2,0,0,5,2,3,0,0.4,,,,,
DRO,DRO_SP3,U,Myristica_globosa,4,1,1,1,1,Arth,marketa,29/11/2018,sunny,0,1,0,0,5,1,4,0,0.2,,,,,
DRO,DRO_SP3,U,Myristica_globosa,6,1,1,1,1,1,marketa,29/11/2018,sunny,0,0,0,0,5,0,5,0,0,,,,,
DRO,DRO_SP4,U,Haplosticanthus_ramiflorus,2,1,1,1,Arth,Arth,marketa,29/11/2018,sunny,0,2,0,0,5,2,3,0,0.4,,,,,
DRO,DRO_SP4,U,Haplosticanthus_ramiflorus,3,1,1,1,1,1,marketa,29/11/2018,sunny,0,0,0,0,5,0,5,0,0,,,,,
DRO,DRO_SP4,U,Haplosticanthus_ramiflorus,4,1,1,1,1,Arth,marketa,29/11/2018,sunny,0,1,0,0,5,1,4,0,0.2,,,,,
EUC,EUC_SP4,U,Eucalyptus_tereticornis,4,1,1,1,1,Bird,honza,11/04/2019,cloudy/sunny,1,0,0,0,5,1,4,0.2,0,,,,,1
DRO,DRO_SP4,U,Haplosticanthus_ramiflorus,7,1,1,1,1,1,marketa,29/11/2018,sunny,0,0,0,0,5,0,5,0,0,,,,,
DRO,DRO_SP4,U,Haplosticanthus_ramiflorus,8,1,1,1,1,1,marketa,29/11/2018,sunny,0,0,0,0,5,0,5,0,0,,,,,
DRO,DRO_SP5,U,Rockinghamia_angustifolia,2,1,1,1,1,1,marketa,29/11/2018,sunny,0,0,0,0,5,0,5,0,0,,,,,
DRO,DRO_SP5,U,Rockinghamia_angustifolia,4,1,1,Arth,Arth,1,marketa,29/11/2018,sunny,0,2,0,0,5,2,3,0,0.4,,,,,
DRO,DRO_SP5,U,Rockinghamia_angustifolia,6,1,1,1,1,1,marketa,29/11/2018,sunny,0,0,0,0,5,0,5,0,0,,,,,
DRO,DRO_SP5,U,Rockinghamia_angustifolia,7,1,1,1,Arth,1,marketa,29/11/2018,sunny,0,1,0,0,5,1,4,0,0.2,,,,,
DRO,DRO_SP5,U,Rockinghamia_angustifolia,8,1,1,Arth,1,Arth,marketa,29/11/2018,sunny,0,2,0,0,5,2,3,0,0.4,,,,,
DRO,DRO_SP6,U,Cleisthanthus_myrianthus,1,1,1,1,1,Bird,marketa,29/11/2018,sunny,1,0,0,0,5,1,4,0.2,0,,,,,1
DRO,DRO_SP6,U,Cleisthanthus_myrianthus,4,1,1,1,1,Arth,marketa,29/11/2018,sunny,0,1,0,0,5,1,4,0,0.2,,,,,
DRO,DRO_SP6,U,Cleisthanthus_myrianthus,6,1,1,Arth,1,1,marketa,29/11/2018,sunny,0,1,0,0,5,1,4,0,0.2,,,,,
DRO,DRO_SP6,U,Cleisthanthus_myrianthus,7,1,1,1,Arth,Arth,marketa,29/11/2018,sunny,0,2,0,0,5,2,3,0,0.4,,,,,
DRO,DRO_SP6,U,Cleisthanthus_myrianthus,8,1,1,Arth,1,Arth,marketa,29/11/2018,sunny,0,2,0,0,5,2,3,0,0.4,,,,,
DRO,DRO_SP7,U,Endiandra_leptodendron,3,1,1,1,1,1,marketa,29/11/2018,sunny,0,0,0,0,5,0,5,0,0,,,,,
DRO,DRO_SP7,U,Endiandra_leptodendron,4,1,1,1,1,1,marketa,29/11/2018,sunny,0,0,0,0,5,0,5,0,0,,,,,
DRO,DRO_SP7,U,Endiandra_leptodendron,6,1,1,1,Arth,1,marketa,29/11/2018,sunny,0,1,0,0,5,1,4,0,0.2,,,,,
DRO,DRO_SP7,U,Endiandra_leptodendron,8,1,1,Arth,Arth,Arth,marketa,29/11/2018,sunny,0,3,0,0,5,3,2,0,0.6,,,,,
DRO,DRO_SP8,U,Dysoxylum_arborescens,2,1,Arth,1,1,Bird,marketa,29/11/2018,sunny,1,1,0,0,5,2,3,0.2,0.2,,,,,1
DRO,DRO_SP8,U,Dysoxylum_arborescens,6,1,1,1,1,1,marketa,29/11/2018,sunny,0,0,0,0,5,0,5,0,0,,,,,
DRO,DRO_SP8,U,Dysoxylum_arborescens,7,1,1,1,1,1,marketa,29/11/2018,sunny,0,0,0,0,5,0,5,0,0,,,,,
DRO,DRO_SP8,U,Dysoxylum_arborescens,8,1,1,1,1,1,marketa,29/11/2018,sunny,0,0,0,0,5,0,5,0,0,,,,,
EUC,EUC_SP4,U,Eucalyptus_tereticornis,6,1,Bird,Arth,1,1,honza,11/04/2019,cloudy/sunny,1,1,0,0,5,2,3,0.2,0.2,,1,,,
EUC,EUC_SP5,U,Acacia_parramattensis,7,1,1,Bird,1,1,honza,11/04/2019,cloudy/sunny,1,0,0,0,5,1,4,0.2,0,,,1,,
EUC,EUC_SP6,U,Breynia_oblingifolia,4,1,1,Bird,Arth,1,honza,11/04/2019,cloudy/sunny,1,1,0,0,5,2,3,0.2,0.2,,,1,,
DRO,DRO_SP9,C,Cryptocarya_sp.,4,1,1,Arth,1,Arth,marketa,29/11/2018,sunny,0,2,0,0,5,2,3,0,0.4,,,,,
DRO,DRO_SP9,C,Cryptocarya_sp.,5,1,1,1,1,1,marketa,29/11/2018,sunny,0,0,0,0,5,0,5,0,0,,,,,
DRO,DRO_SP9,C,Cryptocarya_sp.,7,1,1,1,1,Arth,marketa,29/11/2018,sunny,0,1,0,0,5,1,4,0,0.2,,,,,
DRO,DRO_SP9,C,Cryptocarya_sp.,8,1,1,1,Arth,1,marketa,29/11/2018,sunny,0,1,0,0,5,1,4,0,0.2,,,,,
DRO,DRO_SP10,C,Argyrodendron_peralatum,1,1,1,1,Arth,1,marketa,29/11/2018,sunny,0,1,0,0,5,1,4,0,0.2,,,,,
DRO,DRO_SP10,C,Argyrodendron_peralatum,2,1,1,1,1,Bird,marketa,29/11/2018,sunny,1,0,0,0,5,1,4,0.2,0,,,,,1
DRO,DRO_SP10,C,Argyrodendron_peralatum,3,1,1,1,Arth,1,marketa,29/11/2018,sunny,0,1,0,0,5,1,4,0,0.2,,,,,
DRO,DRO_SP10,C,Argyrodendron_peralatum,4,1,1,1,1,Arth,marketa,29/11/2018,sunny,0,1,0,0,5,1,4,0,0.2,,,,,
DRO,DRO_SP10,C,Argyrodendron_peralatum,7,1,1,1,1,1,marketa,29/11/2018,sunny,0,0,0,0,5,0,5,0,0,,,,,
DRO,DRO_SP10,C,Argyrodendron_peralatum,8,1,1,1,1,1,marketa,29/11/2018,sunny,0,0,0,0,5,0,5,0,0,,,,,
DRO,DRO_SP11,C,Myristica_globosa,1,1,1,1,Arth,1,marketa,29/11/2018,sunny,0,1,0,0,5,1,4,0,0.2,,,,,
DRO,DRO_SP11,C,Myristica_globosa,2,1,1,1,1,Bird,marketa,29/11/2018,sunny,1,0,0,0,5,1,4,0.2,0,,,,,1
DRO,DRO_SP11,C,Myristica_globosa,3,1,1,1,1,Arth,marketa,29/11/2018,sunny,0,1,0,0,5,1,4,0,0.2,,,,,
DRO,DRO_SP11,C,Myristica_globosa,4,1,1,1,1,Bird,marketa,29/11/2018,sunny,1,0,0,0,5,1,4,0.2,0,,,,,1
DRO,DRO_SP11,C,Myristica_globosa,5,1,1,1,1,1,marketa,29/11/2018,sunny,0,0,0,0,5,0,5,0,0,,,,,
EUC,EUC_SP9,C,Eucalyptus_tereticornis,3,1,1,Bird,Arth,Arth,sara,15/04/2019,sunny,1,2,0,0,5,3,2,0.2,0.4,,,1,,
DRO,DRO_SP11,C,Myristica_globosa,7,1,1,1,1,1,marketa,29/11/2018,sunny,0,0,0,0,5,0,5,0,0,,,,,
DRO,DRO_SP11,C,Myristica_globosa,8,1,1,1,1,1,marketa,29/11/2018,sunny,0,0,0,0,5,0,5,0,0,,,,,
DRO,DRO_SP12,C,Syzygium_graveolens,1,1,1,1,1,1,marketa,29/11/2018,sunny,0,0,0,0,5,0,5,0,0,,,,,
DRO,DRO_SP12,C,Syzygium_graveolens,2,1,1,1,1,1,marketa,29/11/2018,sunny,0,0,0,0,5,0,5,0,0,,,,,
DRO,DRO_SP12,C,Syzygium_graveolens,4,1,1,1,Arth,1,marketa,29/11/2018,sunny,0,1,0,0,5,1,4,0,0.2,,,,,
DRO,DRO_SP12,C,Syzygium_graveolens,6,1,1,Arth,Bird,Arth,marketa,29/11/2018,sunny,1,2,0,0,5,3,2,0.2,0.4,,,,1,
EUC,EUC_SP9,C,Eucalyptus_tereticornis,5,1,Arth,1,Arth,Bird,sara,15/04/2019,sunny,1,2,0,0,5,3,2,0.2,0.4,,,,,1
DRO,DRO_SP12,C,Syzygium_graveolens,8,1,1,1,1,Bird,marketa,29/11/2018,sunny,1,0,0,0,5,1,4,0.2,0,,,,,1
DRO,DRO_SP13,C,Rockinghamia_angustifolia,1,1,1,1,1,1,marketa,29/11/2018,sunny,0,0,0,0,5,0,5,0,0,,,,,
DRO,DRO_SP13,C,Rockinghamia_angustifolia,2,1,1,1,1,1,marketa,29/11/2018,sunny,0,0,0,0,5,0,5,0,0,,,,,
DRO,DRO_SP13,C,Rockinghamia_angustifolia,5,1,Arth,Mam,1,Bird,marketa,29/11/2018,sunny,1,1,1,0,5,3,2,0.2,0.2,,,,,1
DRO,DRO_SP13,C,Rockinghamia_angustifolia,6,1,1,1,1,1,marketa,29/11/2018,sunny,0,0,0,0,5,0,5,0,0,,,,,
DRO,DRO_SP13,C,Rockinghamia_angustifolia,7,1,1,1,1,1,marketa,29/11/2018,sunny,0,0,0,0,5,0,5,0,0,,,,,
DRO,DRO_SP13,C,Rockinghamia_angustifolia,8,1,1,1,1,1,marketa,29/11/2018,sunny,0,0,0,0,5,0,5,0,0,,,,,
DRO,DRO_SP14,C,Ficus_hahliana,3,1,1,1,Arth,1,marketa,29/11/2018,sunny,0,1,0,0,5,1,4,0,0.2,,,,,
DRO,DRO_SP14,C,Ficus_hahliana,4,1,1,1,Bird,1,marketa,29/11/2018,sunny,1,0,0,0,5,1,4,0.2,0,,,,1,
DRO,DRO_SP14,C,Ficus_hahliana,5,1,1,1,1,Arth,marketa,29/11/2018,sunny,0,1,0,0,5,1,4,0,0.2,,,,,
DRO,DRO_SP14,C,Ficus_hahliana,7,1,1,1,1,Bird,marketa,29/11/2018,sunny,1,0,0,0,5,1,4,0.2,0,,,,,1
DRO,DRO_SP15,C,Dysoxylum_arborescens,1,1,1,1,1,1,marketa,29/11/2018,sunny,0,0,0,0,5,0,5,0,0,,,,,
DRO,DRO_SP15,C,Dysoxylum_arborescens,4,1,1,1,1,1,marketa,29/11/2018,sunny,0,0,0,0,5,0,5,0,0,,,,,
DRO,DRO_SP15,C,Dysoxylum_arborescens,7,1,1,1,1,1,marketa,29/11/2018,sunny,0,0,0,0,5,0,5,0,0,,,,,
DRO,DRO_SP15,C,Dysoxylum_arborescens,8,1,1,1,1,Bird,marketa,29/11/2018,sunny,1,0,0,0,5,1,4,0.2,0,,,,,1
EUC,EUC_SP1,U,Bursaria_spinosa,1,1,Arth,1,1,1,honza,11/04/2019,cloudy/sunny,0,1,0,0,5,1,4,0,0.2,,,,,
EUC,EUC_SP10,C,Eucalyptus_tereticornis,7,1,1,Arth,Bird,Bird,sara,15/04/2019,sunny,2,1,0,0,5,3,2,0.4,0.2,,,,1,1
EUC,EUC_SP1,U,Bursaria_spinosa,4,1,Arth,1,1,1,honza,11/04/2019,cloudy/sunny,0,1,0,0,5,1,4,0,0.2,,,,,
EUC,EUC_SP1,U,Bursaria_spinosa,5,1,Arth,1,1,Arth,honza,11/04/2019,cloudy/sunny,0,2,0,0,5,2,3,0,0.4,,,,,
EUC,EUC_SP1,U,Bursaria_spinosa,6,1,Arth,1,1,1,honza,11/04/2019,cloudy/sunny,0,1,0,0,5,1,4,0,0.2,,,,,
EUC,EUC_SP1,U,Bursaria_spinosa,7,1,Arth,1,Arth,1,honza,11/04/2019,cloudy/sunny,0,2,0,0,5,2,3,0,0.4,,,,,
EUC,EUC_SP2,U,Acacia_parramattensis,1,1,1,1,1,1,honza,11/04/2019,cloudy/sunny,0,0,0,0,5,0,5,0,0,,,,,
EUC,EUC_SP2,U,Acacia_parramattensis,2,1,1,1,1,1,honza,11/04/2019,cloudy/sunny,0,0,0,0,5,0,5,0,0,,,,,
EUC,EUC_SP2,U,Acacia_parramattensis,3,1,1,1,1,1,honza,11/04/2019,cloudy/sunny,0,0,0,0,5,0,5,0,0,,,,,
EUC,EUC_SP2,U,Acacia_parramattensis,4,1,1,1,1,1,honza,11/04/2019,cloudy/sunny,0,0,0,0,5,0,5,0,0,,,,,
EUC,EUC_SP2,U,Acacia_parramattensis,5,1,1,1,1,1,honza,11/04/2019,cloudy/sunny,0,0,0,0,5,0,5,0,0,,,,,
EUC,EUC_SP2,U,Acacia_parramattensis,6,1,1,1,1,1,honza,11/04/2019,cloudy/sunny,0,0,0,0,5,0,5,0,0,,,,,
EUC,EUC_SP2,U,Acacia_parramattensis,7,1,1,1,1,1,honza,11/04/2019,cloudy/sunny,0,0,0,0,5,0,5,0,0,,,,,
EUC,EUC_SP2,U,Acacia_parramattensis,8,1,1,1,1,1,honza,11/04/2019,cloudy/sunny,0,0,0,0,5,0,5,0,0,,,,,
EUC,EUC_SP3,U,Eucalyptus_tereticornis,1,1,1,1,1,1,honza,11/04/2019,cloudy/sunny,0,0,0,0,5,0,5,0,0,,,,,
EUC,EUC_SP3,U,Eucalyptus_tereticornis,2,1,1,1,1,1,honza,11/04/2019,cloudy/sunny,0,0,0,0,5,0,5,0,0,,,,,
EUC,EUC_SP3,U,Eucalyptus_tereticornis,3,1,1,1,1,1,honza,11/04/2019,cloudy/sunny,0,0,0,0,5,0,5,0,0,,,,,
EUC,EUC_SP3,U,Eucalyptus_tereticornis,4,1,1,1,1,1,honza,11/04/2019,cloudy/sunny,0,0,0,0,5,0,5,0,0,,,,,
EUC,EUC_SP3,U,Eucalyptus_tereticornis,5,1,1,1,1,1,honza,11/04/2019,cloudy/sunny,0,0,0,0,5,0,5,0,0,,,,,
EUC,EUC_SP3,U,Eucalyptus_tereticornis,6,1,1,1,1,1,honza,11/04/2019,cloudy/sunny,0,0,0,0,5,0,5,0,0,,,,,
EUC,EUC_SP3,U,Eucalyptus_tereticornis,7,1,1,1,1,1,honza,11/04/2019,cloudy/sunny,0,0,0,0,5,0,5,0,0,,,,,
EUC,EUC_SP3,U,Eucalyptus_tereticornis,8,1,1,1,1,1,honza,11/04/2019,cloudy/sunny,0,0,0,0,5,0,5,0,0,,,,,
EUC,EUC_SP11,C,Eucalyptus_tereticornis,3,1,1,Bird,1,Bird,sara,15/04/2019,sunny,2,0,0,0,5,2,3,0.4,0,,,1,,1
EUC,EUC_SP4,U,Eucalyptus_tereticornis,5,1,1,1,Arth,Arth,honza,11/04/2019,cloudy/sunny,0,2,0,0,5,2,3,0,0.4,,,,,
EUC,EUC_SP12,C,Eucalyptus_tereticornis,5,1,Bird,1,Arth,Arth,sara,15/04/2019,sunny,1,2,0,0,5,3,2,0.2,0.4,,1,,,
EUC,EUC_SP5,U,Acacia_parramattensis,2,1,1,1,Arth,1,honza,11/04/2019,cloudy/sunny,0,1,0,0,5,1,4,0,0.2,,,,,
EUC,EUC_SP5,U,Acacia_parramattensis,3,1,1,1,1,1,honza,11/04/2019,cloudy/sunny,0,0,0,0,5,0,5,0,0,,,,,
EUC,EUC_SP5,U,Acacia_parramattensis,4,1,1,1,1,1,honza,11/04/2019,cloudy/sunny,0,0,0,0,5,0,5,0,0,,,,,
EUC,EUC_SP5,U,Acacia_parramattensis,5,1,1,1,1,1,honza,11/04/2019,cloudy/sunny,0,0,0,0,5,0,5,0,0,,,,,
EUC,EUC_SP5,U,Acacia_parramattensis,6,1,1,1,1,1,honza,11/04/2019,cloudy/sunny,0,0,0,0,5,0,5,0,0,,,,,
EUC,EUC_SP12,C,Eucalyptus_tereticornis,7,1,1,Bird,1,1,sara,15/04/2019,sunny,1,0,0,0,5,1,4,0.2,0,,,1,,
EUC,EUC_SP5,U,Acacia_parramattensis,8,1,1,1,1,1,honza,11/04/2019,cloudy/sunny,0,0,0,0,5,0,5,0,0,,,,,
EUC,EUC_SP6,U,Breynia_oblingifolia,3,1,1,1,1,1,honza,11/04/2019,cloudy/sunny,0,0,0,0,5,0,5,0,0,,,,,
EUC,EUC_SP13,C,Eucalyptus_tereticornis,2,1,Bird,1,1,1,sara,15/04/2019,sunny,1,0,0,0,5,1,4,0.2,0,,1,,,
EUC,EUC_SP13,C,Eucalyptus_tereticornis,3,1,Bird,1,Arth,1,sara,15/04/2019,sunny,1,1,0,0,5,2,3,0.2,0.2,,1,,,
EUC,EUC_SP6,U,Breynia_oblingifolia,8,1,1,1,1,1,honza,11/04/2019,cloudy/sunny,0,0,0,0,5,0,5,0,0,,,,,
EUC,EUC_SP7,U,Eucalyptus_pruinosa,1,1,1,Arth,1,1,honza,11/04/2019,cloudy/sunny,0,0,0,0,5,0,5,0,0,,,,,
EUC,EUC_SP7,U,Eucalyptus_pruinosa,2,1,1,1,1,1,honza,11/04/2019,cloudy/sunny,0,0,0,0,5,0,5,0,0,,,,,
EUC,EUC_SP7,U,Eucalyptus_pruinosa,3,1,1,1,1,1,honza,11/04/2019,cloudy/sunny,0,0,0,0,5,0,5,0,0,,,,,
EUC,EUC_SP7,U,Eucalyptus_pruinosa,4,1,1,1,1,1,honza,11/04/2019,cloudy/sunny,0,0,0,0,5,0,5,0,0,,,,,
EUC,EUC_SP7,U,Eucalyptus_pruinosa,5,1,1,1,1,1,honza,11/04/2019,cloudy/sunny,0,0,0,0,5,0,5,0,0,,,,,
EUC,EUC_SP7,U,Eucalyptus_pruinosa,6,1,1,1,1,1,honza,11/04/2019,cloudy/sunny,0,0,0,0,5,0,5,0,0,,,,,
EUC,EUC_SP7,U,Eucalyptus_pruinosa,7,1,1,1,1,1,honza,11/04/2019,cloudy/sunny,0,0,0,0,5,0,5,0,0,,,,,
EUC,EUC_SP7,U,Eucalyptus_pruinosa,8,1,1,1,1,1,honza,11/04/2019,cloudy/sunny,0,0,0,0,5,0,5,0,0,,,,,
EUC,EUC_SP8,U,Eucalyptus_pruinosa,1,1,1,1,1,1,honza,11/04/2019,cloudy/sunny,0,0,0,0,5,0,5,0,0,,,,,
EUC,EUC_SP8,U,Eucalyptus_pruinosa,3,1,1,1,Arth,1,honza,11/04/2019,cloudy/sunny,0,1,0,0,5,1,4,0,0.2,,,,,
EUC,EUC_SP8,U,Eucalyptus_pruinosa,5,1,1,1,1,Arth,honza,11/04/2019,cloudy/sunny,0,1,0,0,5,1,4,0,0.2,,,,,
EUC,EUC_SP13,C,Eucalyptus_tereticornis,5,1,Bird,Bird,1,Bird,sara,15/04/2019,sunny,3,0,0,0,5,3,2,0.6,0,,1,1,,1
EUC,EUC_SP13,C,Eucalyptus_tereticornis,6,1,1,Bird,1,1,sara,15/04/2019,sunny,1,0,0,0,5,1,4,0.2,0,,,1,,
EUC,EUC_SP9,C,Eucalyptus_tereticornis,4,1,1,Arth,1,Arth,sara,15/04/2019,sunny,0,2,0,0,5,2,3,0,0.4,,,,,
EUC,EUC_SP14,C,Eucalyptus_tereticornis,6,1,Arth,Bird,1,1,sara,15/04/2019,sunny,1,1,0,0,5,2,3,0.2,0.2,,,1,,
EUC,EUC_SP10,C,Eucalyptus_tereticornis,1,1,Arth,Arth,1,Arth,sara,15/04/2019,sunny,0,3,0,0,5,3,2,0,0.6,,,,,
EUC,EUC_SP10,C,Eucalyptus_tereticornis,4,1,1,1,Arth,Arth,sara,15/04/2019,sunny,0,2,0,0,5,2,3,0,0.4,,,,,
EUC,EUC_SP15,C,Eucalyptus_tereticornis,1,1,1,Bird,Bird,Arth,sara,15/04/2019,sunny,2,1,0,0,5,3,2,0.4,0.2,,,1,1,
EUC,EUC_SP15,C,Eucalyptus_tereticornis,5,1,1,Bird,1,Arth,sara,15/04/2019,sunny,1,1,0,0,5,2,3,0.2,0.2,,,1,,
EUC,EUC_SP11,C,Eucalyptus_tereticornis,1,1,1,1,1,1,sara,15/04/2019,sunny,0,0,0,0,5,0,5,0,0,,,,,
EUC,EUC_SP11,C,Eucalyptus_tereticornis,2,1,1,1,1,1,sara,15/04/2019,sunny,0,0,0,0,5,0,5,0,0,,,,,
EUC,EUC_SP15,C,Eucalyptus_tereticornis,6,1,Arth,Bird,1,1,sara,15/04/2019,sunny,1,1,0,0,5,2,3,0.2,0.2,,,1,,
EUC,EUC_SP11,C,Eucalyptus_tereticornis,5,1,1,1,1,Arth,sara,15/04/2019,sunny,0,1,0,0,5,1,4,0,0.2,,,,,
BUB,BUB_SP1,U,,4,1,Bird,Bird,Bird,1,sara + sam,06/09/2019,cloudy/sunny,3,0,0,0,5,3,2,0.6,0,,1,1,1,
EUC,EUC_SP11,C,Eucalyptus_tereticornis,7,1,1,Arth,1,Arth,sara,15/04/2019,sunny,0,2,0,0,5,2,3,0,0.4,,,,,
EUC,EUC_SP11,C,Eucalyptus_tereticornis,8,1,Arth,1,1,Arth,sara,15/04/2019,sunny,0,2,0,0,5,2,3,0,0.4,,,,,
EUC,EUC_SP12,C,Eucalyptus_tereticornis,1,1,Arth,1,Arth,1,sara,15/04/2019,sunny,0,2,0,0,5,2,3,0,0.4,,,,,
EUC,EUC_SP12,C,Eucalyptus_tereticornis,3,1,1,Arth,Arth,1,sara,15/04/2019,sunny,0,2,0,0,5,2,3,0,0.4,,,,,
EUC,EUC_SP12,C,Eucalyptus_tereticornis,4,1,1,1,1,1,sara,15/04/2019,sunny,0,0,0,0,5,0,5,0,0,,,,,
BUB,BUB_SP8,U,Pittke,1,1,Arth,1,Bird,Bird,sara + sam,06/09/2019,cloudy/sunny,2,1,0,0,5,3,2,0.4,0.2,,,,1,1
BUB,BUB_SP11,C,Colona_thorelii,6,1,1,1,Bird,Bird,legi,02/04/2019,cloudy/sunny,2,0,0,0,5,2,3,0.4,0,,,,1,1
BUB,BUB_SP15,C,Semecarpus_reticulatus,2,1,1,1,Bird,Bird,legi,02/04/2019,cloudy/sunny,2,0,0,0,5,2,3,0.4,0,,,,1,1
EUC,EUC_SP13,C,Eucalyptus_tereticornis,1,1,1,1,1,1,sara,15/04/2019,sunny,0,0,0,0,5,0,5,0,0,,,,,
KAK,KAK_SP1,U,Pometia_pinnata,4,1,1,Bird,1,1,Bonny Koane/Kore,25/09/2020,cloudy/sunny,1,0,0,0,5,1,4,0.2,0,,,1,,
KAK,KAK_SP1,U,Pometia_pinnata,5,1,1,Bird,1,Bird,Bonny Koane/Kore,25/09/2020,cloudy/sunny,2,0,0,0,5,2,3,0.4,0,,,1,,1
KAK,KAK_SP2,U,Myristica_globosa,6,1,1,1,Bird,1,Bonny Koane/Kore,25/09/2020,cloudy/sunny,1,0,0,0,5,1,4,0.2,0,,,,1,
KAK,KAK_SP3,U,Ficus_hahliana,6,1,1,Bird,1,1,Bonny Koane/Kore,25/09/2020,cloudy/sunny,1,0,0,0,5,1,4,0.2,0,,,1,,
KAK,KAK_SP5,U,Cryptocarya_sp.,2,1,1,1,Bird,Arth,Bonny Koane/Kore,25/09/2020,cloudy/sunny,1,1,0,0,5,2,3,0.2,0.2,,,,1,
EUC,EUC_SP13,C,Eucalyptus_tereticornis,8,1,1,Arth,Arth,Bird,sara,15/04/2019,sunny,1,2,0,0,5,3,2,0.2,0.4,,,,,1
EUC,EUC_SP14,C,Eucalyptus_tereticornis,1,1,1,1,1,Arth,sara,15/04/2019,sunny,0,1,0,0,5,1,4,0,0.2,,,,,
EUC,EUC_SP14,C,Eucalyptus_tereticornis,3,1,1,Arth,1,1,sara,15/04/2019,sunny,0,1,0,0,5,1,4,0,0.2,,,,,
EUC,EUC_SP14,C,Eucalyptus_tereticornis,5,1,1,1,1,Arth,sara,15/04/2019,sunny,0,1,0,0,5,1,4,0,0.2,,,,,
KAK,KAK_SP5,U,Cryptocarya_sp.,7,1,Bird,Arth,Arth,Bird,Bonny Koane/Kore,25/09/2020,cloudy/sunny,2,2,0,0,5,4,1,0.4,0.4,,1,,,1
EUC,EUC_SP14,C,Eucalyptus_tereticornis,7,1,1,Arth,1,1,sara,15/04/2019,sunny,0,1,0,0,5,1,4,0,0.2,,,,,
KAK,KAK_SP6,U,Syzygium_longipes,2,1,1,Bird,1,1,Bonny Koane/Kore,25/09/2020,cloudy/sunny,1,0,0,0,5,1,4,0.2,0,,,1,,
EUC,EUC_SP15,C,Eucalyptus_tereticornis,3,1,1,Arth,1,1,sara,15/04/2019,sunny,0,1,0,0,5,1,4,0,0.2,,,,,
KAK,KAK_SP6,U,Syzygium_longipes,4,1,1,1,Bird,Arth,Bonny Koane/Kore,25/09/2020,cloudy/sunny,1,1,0,0,5,2,3,0.2,0.2,,,,1,
KAK,KAK_SP7,U,Xanthophyllum_papuanum,1,1,1,1,Arth,Bird,Bonny Koane/Kore,25/09/2020,cloudy/sunny,1,1,0,0,5,2,3,0.2,0.2,,,,,1
EUC,EUC_SP15,C,Eucalyptus_tereticornis,7,1,1,Arth,1,1,sara,15/04/2019,sunny,0,1,0,0,5,1,4,0,0.2,,,,,
BUB,BUB_SP1,U,,2,1,1,1,1,1,sara + sam,06/09/2019,cloudy/sunny,0,0,0,0,5,0,5,0,0,,,,,
BUB,BUB_SP1,U,,3,1,1,1,1,1,sara + sam,06/09/2019,cloudy/sunny,0,0,0,0,5,0,5,0,0,,,,,
KAK,KAK_SP7,U,Xanthophyllum_papuanum,5,1,1,1,Bird,Bird,Bonny Koane/Kore,25/09/2020,cloudy/sunny,2,0,0,0,5,2,3,0.4,0,,,,1,1
BUB,BUB_SP1,U,,5,1,1,Arth,Arth,Arth,sara + sam,06/09/2019,cloudy/sunny,0,3,0,0,5,3,2,0,0.6,,,,,
BUB,BUB_SP1,U,,6,1,Arth,Arth,Arth,1,sara + sam,06/09/2019,cloudy/sunny,0,3,0,0,5,3,2,0,0.6,,,,,
BUB,BUB_SP1,U,,7,1,1,1,1,1,sara + sam,06/09/2019,cloudy/sunny,0,0,0,0,5,0,5,0,0,,,,,
BUB,BUB_SP1,U,,8,1,1,1,1,1,sara + sam,06/09/2019,cloudy/sunny,0,0,0,0,5,0,5,0,0,,,,,
BUB,BUB_SP2,U,Clebre,1,1,Arth,1,1,Arth,sara + sam,06/09/2019,cloudy/sunny,0,2,0,0,5,2,3,0,0.4,,,,,
BUB,BUB_SP2,U,Clebre,2,1,1,1,1,1,sara + sam,06/09/2019,cloudy/sunny,0,0,0,0,5,0,5,0,0,,,,,
BUB,BUB_SP2,U,Clebre,3,1,1,1,1,1,sara + sam,06/09/2019,cloudy/sunny,0,0,0,0,5,0,5,0,0,,,,,
BUB,BUB_SP2,U,Clebre,5,1,1,1,1,1,sara + sam,06/09/2019,cloudy/sunny,0,0,0,0,5,0,5,0,0,,,,,
BUB,BUB_SP2,U,Clebre,6,1,1,1,1,1,sara + sam,06/09/2019,cloudy/sunny,0,0,0,0,5,0,5,0,0,,,,,
BUB,BUB_SP2,U,Clebre,8,1,1,1,1,1,sara + sam,06/09/2019,cloudy/sunny,0,0,0,0,5,0,5,0,0,,,,,
BUB,BUB_SP3,U,Orola,1,1,1,1,1,1,sara + sam,06/09/2019,cloudy/sunny,0,0,0,0,5,0,5,0,0,,,,,
BUB,BUB_SP3,U,Orola,2,1,Arth,1,1,Arth,sara + sam,06/09/2019,cloudy/sunny,0,2,0,0,5,2,3,0,0.4,,,,,
BUB,BUB_SP3,U,Orola,4,1,1,Arth,1,1,sara + sam,06/09/2019,cloudy/sunny,0,1,0,0,5,1,4,0,0.2,,,,,
BUB,BUB_SP3,U,Orola,5,1,1,1,1,1,sara + sam,06/09/2019,cloudy/sunny,0,0,0,0,5,0,5,0,0,,,,,
BUB,BUB_SP3,U,Orola,6,1,Arth,1,1,1,sara + sam,06/09/2019,cloudy/sunny,0,1,0,0,5,1,4,0,0.2,,,,,
BUB,BUB_SP3,U,Orola,7,1,1,1,1,1,sara + sam,06/09/2019,cloudy/sunny,0,0,0,0,5,0,5,0,0,,,,,
BUB,BUB_SP3,U,Orola,8,1,1,Arth,1,1,sara + sam,06/09/2019,cloudy/sunny,0,1,0,0,5,1,4,0,0.2,,,,,
BUB,BUB_SP4,U,Baccra,1,1,1,1,1,1,sara + sam,06/09/2019,cloudy/sunny,0,0,0,0,5,0,5,0,0,,,,,
BUB,BUB_SP4,U,Baccra,2,1,1,Arth,1,1,sara + sam,06/09/2019,cloudy/sunny,0,1,0,0,5,1,4,0,0.2,,,,,
BUB,BUB_SP4,U,Baccra,3,1,1,1,1,1,sara + sam,06/09/2019,cloudy/sunny,0,0,0,0,5,0,5,0,0,,,,,
BUB,BUB_SP4,U,Baccra,5,1,1,Arth,Arth,Bird,sara + sam,06/09/2019,cloudy/sunny,1,2,0,0,5,3,2,0.2,0.4,,,,,1
BUB,BUB_SP4,U,Baccra,6,1,1,1,1,1,sara + sam,06/09/2019,cloudy/sunny,0,0,0,0,5,0,5,0,0,,,,,
BUB,BUB_SP4,U,Baccra,7,1,1,1,1,Arth,sara + sam,06/09/2019,cloudy/sunny,0,1,0,0,5,1,4,0,0.2,,,,,
BUB,BUB_SP4,U,Baccra,8,1,1,1,1,1,sara + sam,06/09/2019,cloudy/sunny,0,0,0,0,5,0,5,0,0,,,,,
BUB,BUB_SP5,U,Garcinia_cowa,1,1,1,Arth,Arth,Arth,sara + sam,06/09/2019,cloudy/sunny,0,3,0,0,5,3,2,0,0.6,,,,,
BUB,BUB_SP5,U,Garcinia_cowa,2,1,1,1,1,1,sara + sam,06/09/2019,cloudy/sunny,0,0,0,0,5,0,5,0,0,,,,,
BUB,BUB_SP5,U,Garcinia_cowa,4,1,1,1,1,1,sara + sam,06/09/2019,cloudy/sunny,0,0,0,0,5,0,5,0,0,,,,,
BUB,BUB_SP5,U,Garcinia_cowa,5,1,1,1,1,Arth,sara + sam,06/09/2019,cloudy/sunny,0,1,0,0,5,1,4,0,0.2,,,,,
BUB,BUB_SP5,U,Garcinia_cowa,6,1,1,1,1,1,sara + sam,06/09/2019,cloudy/sunny,0,0,0,0,5,0,5,0,0,,,,,
BUB,BUB_SP5,U,Garcinia_cowa,7,1,1,1,Arth,1,sara + sam,06/09/2019,cloudy/sunny,0,1,0,0,5,1,4,0,0.2,,,,,
BUB,BUB_SP5,U,Garcinia_cowa,8,1,1,1,1,1,sara + sam,06/09/2019,cloudy/sunny,0,0,0,0,5,0,5,0,0,,,,,
BUB,BUB_SP6,U,Saprosoma,1,1,Bird,Arth,Arth,Arth,sara + sam,06/09/2019,cloudy/sunny,1,3,0,0,5,4,1,0.2,0.6,,1,,,
BUB,BUB_SP6,U,Saprosoma,2,1,1,1,Arth,Bird,sara + sam,06/09/2019,cloudy/sunny,1,1,0,0,5,2,3,0.2,0.2,,,,,1
BUB,BUB_SP6,U,Saprosoma,3,1,1,1,1,1,sara + sam,06/09/2019,cloudy/sunny,0,0,0,0,5,0,5,0,0,,,,,
BUB,BUB_SP6,U,Saprosoma,4,1,1,1,1,1,sara + sam,06/09/2019,cloudy/sunny,0,0,0,0,5,0,5,0,0,,,,,
BUB,BUB_SP6,U,Saprosoma,5,1,1,1,1,1,sara + sam,06/09/2019,cloudy/sunny,0,0,0,0,5,0,5,0,0,,,,,
BUB,BUB_SP6,U,Saprosoma,6,1,Arth,1,Arth,1,sara + sam,06/09/2019,cloudy/sunny,0,2,0,0,5,2,3,0,0.4,,,,,
BUB,BUB_SP6,U,Saprosoma,7,1,1,1,1,1,sara + sam,06/09/2019,cloudy/sunny,0,0,0,0,5,0,5,0,0,,,,,
BUB,BUB_SP6,U,Saprosoma,8,1,1,1,1,1,sara + sam,06/09/2019,cloudy/sunny,0,0,0,0,5,0,5,0,0,,,,,
BUB,BUB_SP7,U,P._chinensis,1,1,1,Arth,Arth,1,sara + sam,06/09/2019,cloudy/sunny,0,2,0,0,5,2,3,0,0.4,,,,,
BUB,BUB_SP7,U,P._chinensis,2,1,1,1,1,1,sara + sam,06/09/2019,cloudy/sunny,0,0,0,0,5,0,5,0,0,,,,,
BUB,BUB_SP7,U,P._chinensis,3,1,Arth,Arth,Arth,1,sara + sam,06/09/2019,cloudy/sunny,0,3,0,0,5,3,2,0,0.6,,,,,
BUB,BUB_SP7,U,P._chinensis,5,1,1,1,1,1,sara + sam,06/09/2019,cloudy/sunny,0,0,0,0,5,0,5,0,0,,,,,
BUB,BUB_SP7,U,P._chinensis,6,1,1,1,1,1,sara + sam,06/09/2019,cloudy/sunny,0,0,0,0,5,0,5,0,0,,,,,
BUB,BUB_SP7,U,P._chinensis,7,1,1,1,1,1,sara + sam,06/09/2019,cloudy/sunny,0,0,0,0,5,0,5,0,0,,,,,
BUB,BUB_SP7,U,P._chinensis,8,1,1,1,1,1,sara + sam,06/09/2019,cloudy/sunny,0,0,0,0,5,0,5,0,0,,,,,
KAK,KAK_SP8,U,Pouteria_maclayana,6,1,1,1,Bird,Bird,Bonny Koane/Kore,25/09/2020,cloudy/sunny,2,0,0,0,5,2,3,0.4,0,,,,1,1
BUB,BUB_SP8,U,Pittke,2,1,1,1,1,1,sara + sam,06/09/2019,cloudy/sunny,0,0,0,0,5,0,5,0,0,,,,,
BUB,BUB_SP8,U,Pittke,4,1,Arth,Arth,1,1,sara + sam,06/09/2019,cloudy/sunny,0,2,0,0,5,2,3,0,0.4,,,,,
BUB,BUB_SP8,U,Pittke,5,1,1,1,1,1,sara + sam,06/09/2019,cloudy/sunny,0,0,0,0,5,0,5,0,0,,,,,
BUB,BUB_SP8,U,Pittke,6,1,1,1,1,1,sara + sam,06/09/2019,cloudy/sunny,0,0,0,0,5,0,5,0,0,,,,,
BUB,BUB_SP8,U,Pittke,7,1,1,1,Arth,1,sara + sam,06/09/2019,cloudy/sunny,0,1,0,0,5,1,4,0,0.2,,,,,
BUB,BUB_SP9,C,P._chinensis,1,1,1,1,1,1,legi,02/04/2019,cloudy/sunny,0,0,0,0,5,0,5,0,0,,,,,
BUB,BUB_SP9,C,P._chinensis,2,1,1,1,1,Arth,legi,02/04/2019,cloudy/sunny,0,1,0,0,5,1,4,0,0.2,,,,,
BUB,BUB_SP9,C,P._chinensis,3,1,1,1,1,1,legi,02/04/2019,cloudy/sunny,0,0,0,0,5,0,5,0,0,,,,,
BUB,BUB_SP9,C,P._chinensis,4,1,1,1,Arth,1,legi,02/04/2019,cloudy/sunny,0,1,0,0,5,1,4,0,0.2,,,,,
BUB,BUB_SP9,C,P._chinensis,5,1,1,1,1,1,legi,02/04/2019,cloudy/sunny,0,0,0,0,5,0,5,0,0,,,,,
BUB,BUB_SP9,C,P._chinensis,6,1,Bird,1,1,1,legi,02/04/2019,cloudy/sunny,1,0,0,0,5,1,4,0.2,0,,1,,,
BUB,BUB_SP9,C,P._chinensis,7,1,1,1,Arth,Bird,legi,02/04/2019,cloudy/sunny,1,1,0,0,5,2,3,0.2,0.2,,,,,1
BUB,BUB_SP9,C,P._chinensis,8,1,1,1,1,1,legi,02/04/2019,cloudy/sunny,0,0,0,0,5,0,5,0,0,,,,,
BUB,BUB_SP10,C,Eurya_groffii,1,1,1,1,1,1,legi,02/04/2019,cloudy/sunny,0,0,0,0,5,0,5,0,0,,,,,
BUB,BUB_SP10,C,Eurya_groffii,2,1,1,1,1,1,legi,02/04/2019,cloudy/sunny,0,0,0,0,5,0,5,0,0,,,,,
BUB,BUB_SP10,C,Eurya_groffii,3,1,1,1,1,1,legi,02/04/2019,cloudy/sunny,0,0,0,0,5,0,5,0,0,,,,,
BUB,BUB_SP10,C,Eurya_groffii,4,1,1,1,1,1,legi,02/04/2019,cloudy/sunny,0,0,0,0,5,0,5,0,0,,,,,
BUB,BUB_SP10,C,Eurya_groffii,5,1,1,1,1,1,legi,02/04/2019,cloudy/sunny,0,0,0,0,5,0,5,0,0,,,,,
BUB,BUB_SP10,C,Eurya_groffii,6,1,1,1,1,1,legi,02/04/2019,cloudy/sunny,0,0,0,0,5,0,5,0,0,,,,,
BUB,BUB_SP10,C,Eurya_groffii,7,1,1,1,1,1,legi,02/04/2019,cloudy/sunny,0,0,0,0,5,0,5,0,0,,,,,
BUB,BUB_SP10,C,Eurya_groffii,8,1,1,1,1,1,legi,02/04/2019,cloudy/sunny,0,0,0,0,5,0,5,0,0,,,,,
BUB,BUB_SP11,C,Colona_thorelii,1,1,1,1,1,1,legi,02/04/2019,cloudy/sunny,0,0,0,0,5,0,5,0,0,,,,,
BUB,BUB_SP11,C,Colona_thorelii,2,1,1,1,1,1,legi,02/04/2019,cloudy/sunny,0,0,0,0,5,0,5,0,0,,,,,
BUB,BUB_SP11,C,Colona_thorelii,3,1,1,1,1,1,legi,02/04/2019,cloudy/sunny,0,0,0,0,5,0,5,0,0,,,,,
BUB,BUB_SP11,C,Colona_thorelii,4,1,1,1,1,1,legi,02/04/2019,cloudy/sunny,0,0,0,0,5,0,5,0,0,,,,,
BUB,BUB_SP11,C,Colona_thorelii,5,1,1,1,1,1,legi,02/04/2019,cloudy/sunny,0,0,0,0,5,0,5,0,0,,,,,
KAK,KAK_SP13,C,Cryptocarya_sp.,1,1,1,1,1,Bird,Bonny Koane,28/09/2020,cloudy/sunny,1,0,0,0,5,1,4,0.2,0,,,,,1
BUB,BUB_SP11,C,Colona_thorelii,7,1,1,1,1,1,legi,02/04/2019,cloudy/sunny,0,0,0,0,5,0,5,0,0,,,,,
BUB,BUB_SP12,C,Garcinia_cowa,1,1,Arth,Arth,1,1,legi,02/04/2019,cloudy/sunny,0,2,0,0,5,2,3,0,0.4,,,,,
BUB,BUB_SP12,C,Garcinia_cowa,2,1,1,1,1,1,legi,02/04/2019,cloudy/sunny,0,0,0,0,5,0,5,0,0,,,,,
BUB,BUB_SP12,C,Garcinia_cowa,3,1,1,1,1,1,legi,02/04/2019,cloudy/sunny,0,0,0,0,5,0,5,0,0,,,,,
BUB,BUB_SP12,C,Garcinia_cowa,4,1,1,1,Arth,1,legi,02/04/2019,cloudy/sunny,0,1,0,0,5,1,4,0,0.2,,,,,
BUB,BUB_SP12,C,Garcinia_cowa,5,1,1,1,1,1,legi,02/04/2019,cloudy/sunny,0,0,0,0,5,0,5,0,0,,,,,
BUB,BUB_SP12,C,Garcinia_cowa,6,1,1,1,1,Arth,legi,02/04/2019,cloudy/sunny,0,1,0,0,5,1,4,0,0.2,,,,,
BUB,BUB_SP12,C,Garcinia_cowa,7,1,1,1,1,1,legi,02/04/2019,cloudy/sunny,0,0,0,0,5,0,5,0,0,,,,,
BUB,BUB_SP12,C,Garcinia_cowa,8,1,1,1,Arth,1,legi,02/04/2019,cloudy/sunny,0,1,0,0,5,1,4,0,0.2,,,,,
BUB,BUB_SP13,C,Pometia_pinnata,1,1,1,1,1,1,legi,02/04/2019,cloudy/sunny,0,0,0,0,5,0,5,0,0,,,,,
BUB,BUB_SP13,C,Pometia_pinnata,2,1,Bird,1,1,1,legi,02/04/2019,cloudy/sunny,1,0,0,0,5,1,4,0.2,0,,1,,,
BUB,BUB_SP13,C,Pometia_pinnata,3,1,1,1,Arth,Bird,legi,02/04/2019,cloudy/sunny,1,1,0,0,5,2,3,0.2,0.2,,,,,1
BUB,BUB_SP13,C,Pometia_pinnata,4,1,1,1,1,1,legi,02/04/2019,cloudy/sunny,0,0,0,0,5,0,5,0,0,,,,,
BUB,BUB_SP13,C,Pometia_pinnata,5,1,1,1,1,1,legi,02/04/2019,cloudy/sunny,0,0,0,0,5,0,5,0,0,,,,,
BUB,BUB_SP13,C,Pometia_pinnata,6,1,1,1,1,1,legi,02/04/2019,cloudy/sunny,0,0,0,0,5,0,5,0,0,,,,,
BUB,BUB_SP13,C,Pometia_pinnata,7,1,1,1,1,1,legi,02/04/2019,cloudy/sunny,0,0,0,0,5,0,5,0,0,,,,,
BUB,BUB_SP13,C,Pometia_pinnata,8,1,1,1,1,1,legi,02/04/2019,cloudy/sunny,0,0,0,0,5,0,5,0,0,,,,,
LAK,68U,U,Acer_pseudoplatanus,1,1,1,Bird,NA,NA,Antonia Ludwig,12/05/2019,cloudy/sunny,1,1,0,0,5,2,3,0.2,0.2,,,1,,
BUB,BUB_SP14,C,Sloanea_tomentosa,2,1,1,1,1,1,legi,02/04/2019,cloudy/sunny,0,0,0,0,5,0,5,0,0,,,,,
BUB,BUB_SP14,C,Sloanea_tomentosa,3,1,1,1,1,Arth,legi,02/04/2019,cloudy/sunny,0,1,0,0,5,1,4,0,0.2,,,,,
BUB,BUB_SP14,C,Sloanea_tomentosa,4,1,1,1,1,1,legi,02/04/2019,cloudy/sunny,0,0,0,0,5,0,5,0,0,,,,,
BUB,BUB_SP14,C,Sloanea_tomentosa,5,1,1,1,1,1,legi,02/04/2019,cloudy/sunny,0,0,0,0,5,0,5,0,0,,,,,
BUB,BUB_SP14,C,Sloanea_tomentosa,6,1,1,1,1,1,legi,02/04/2019,cloudy/sunny,0,0,0,0,5,0,5,0,0,,,,,
BUB,BUB_SP14,C,Sloanea_tomentosa,7,1,1,1,1,1,legi,02/04/2019,cloudy/sunny,0,0,0,0,5,0,5,0,0,,,,,
BUB,BUB_SP14,C,Sloanea_tomentosa,8,1,1,1,1,1,legi,02/04/2019,cloudy/sunny,0,0,0,0,5,0,5,0,0,,,,,
BUB,BUB_SP15,C,Semecarpus_reticulatus,1,1,1,1,1,1,legi,02/04/2019,cloudy/sunny,0,0,0,0,5,0,5,0,0,,,,,
TOM,TOM_SP1,U,Magnolia_kobus,3,Arth,1,Arth,Bird,1,legi+mata/katka,23/07/2018,partly cloudy,1,2,0,0,5,3,2,0.2,0.4,,,,1,
BUB,BUB_SP15,C,Semecarpus_reticulatus,3,1,1,1,1,1,legi,02/04/2019,cloudy/sunny,0,0,0,0,5,0,5,0,0,,,,,
BUB,BUB_SP15,C,Semecarpus_reticulatus,5,1,Arth,Arth,1,1,legi,02/04/2019,cloudy/sunny,0,2,0,0,5,2,3,0,0.4,,,,,
BUB,BUB_SP15,C,Semecarpus_reticulatus,6,1,1,1,1,1,legi,02/04/2019,cloudy/sunny,0,0,0,0,5,0,5,0,0,,,,,
BUB,BUB_SP15,C,Semecarpus_reticulatus,7,1,1,1,1,1,legi,02/04/2019,cloudy/sunny,0,0,0,0,5,0,5,0,0,,,,,
BUB,BUB_SP15,C,Semecarpus_reticulatus,8,1,1,1,Arth,1,legi,02/04/2019,cloudy/sunny,0,1,0,0,5,1,4,0,0.2,,,,,
BUB,BUB_SP16,C,Castanopsis_indica,1,1,1,1,1,1,legi,02/04/2019,cloudy/sunny,0,0,0,0,5,0,5,0,0,,,,,
BUB,BUB_SP16,C,Castanopsis_indica,2,1,1,1,1,1,legi,02/04/2019,cloudy/sunny,0,0,0,0,5,0,5,0,0,,,,,
BUB,BUB_SP16,C,Castanopsis_indica,3,1,1,1,1,1,legi,02/04/2019,cloudy/sunny,0,0,0,0,5,0,5,0,0,,,,,
BUB,BUB_SP16,C,Castanopsis_indica,4,1,1,1,1,1,legi,02/04/2019,cloudy/sunny,0,0,0,0,5,0,5,0,0,,,,,
BUB,BUB_SP16,C,Castanopsis_indica,5,1,1,1,1,1,legi,02/04/2019,cloudy/sunny,0,0,0,0,5,0,5,0,0,,,,,
BUB,BUB_SP16,C,Castanopsis_indica,6,1,1,1,1,1,legi,02/04/2019,cloudy/sunny,0,0,0,0,5,0,5,0,0,,,,,
BUB,BUB_SP16,C,Castanopsis_indica,7,1,1,1,1,1,legi,02/04/2019,cloudy/sunny,0,0,0,0,5,0,5,0,0,,,,,
BUB,BUB_SP16,C,Castanopsis_indica,8,1,1,1,1,1,legi,02/04/2019,cloudy/sunny,0,0,0,0,5,0,5,0,0,,,,,
KAK,KAK_SP1,U,Pometia_pinnata,2,1,1,1,1,1,Bonny Koane/Kore,25/09/2020,cloudy/sunny,0,0,0,0,5,0,5,0,0,,,,,
TOM,TOM_SP2,U,Syringa_reticulata,1,Arth,Arth,1,Bird,1,legi+mata/katka,23/07/2018,partly cloudy,1,2,0,0,5,3,2,0.2,0.4,,,,1,
TOM,TOM_SP7,U,Fraxinus_lanuginosa,3,Arth,1,1,Bird,1,legi+mata/katka,23/07/2018,partly cloudy,1,1,0,0,5,2,3,0.2,0.2,,,,1,
KAK,KAK_SP1,U,Pometia_pinnata,7,1,Arth,1,1,1,Bonny Koane/Kore,25/09/2020,cloudy/sunny,0,0,0,0,5,0,5,0,0,,,,,
KAK,KAK_SP2,U,Myristica_globosa,1,1,1,1,1,1,Bonny Koane/Kore,25/09/2020,cloudy/sunny,0,1,0,0,5,1,4,0,0.2,,,,,
KAK,KAK_SP2,U,Myristica_globosa,3,1,Arth,1,1,1,Bonny Koane/Kore,25/09/2020,cloudy/sunny,0,0,0,0,5,0,5,0,0,,,,,
KAK,KAK_SP2,U,Myristica_globosa,4,1,1,1,1,Arth,Bonny Koane/Kore,25/09/2020,cloudy/sunny,0,1,0,0,5,1,4,0,0.2,,,,,
KAK,KAK_SP2,U,Myristica_globosa,5,1,Arth,Arth,1,1,Bonny Koane/Kore,25/09/2020,cloudy/sunny,0,2,0,0,5,2,3,0,0.4,,,,,
TOM,TOM_SP10,C,Acer_palmatum,5,Arth,snail,1,Mam,Bird,abe+katka/mata,23/07/2018,"nice, sunny",1,1,1,1,4,3,1,0.25,0.25,,,,,1
KAK,KAK_SP2,U,Myristica_globosa,7,1,1,1,1,1,Bonny Koane/Kore,25/09/2020,cloudy/sunny,0,0,0,0,5,0,5,0,0,,,,,
KAK,KAK_SP3,U,Ficus_hahliana,5,1,1,1,Arth,Arth,Bonny Koane/Kore,25/09/2020,cloudy/sunny,0,2,0,0,5,2,3,0,0.4,,,,,
TOM,TOM_SP10,C,Acer_palmatum,7,Arth,1,1,Mam,Bird,abe+katka/mata,23/07/2018,"nice, sunny",1,1,1,0,5,3,2,0.2,0.2,,,,,1
KAK,KAK_SP3,U,Ficus_hahliana,8,1,1,1,1,Arth,Bonny Koane/Kore,25/09/2020,cloudy/sunny,0,1,0,0,5,1,4,0,0.2,,,,,
KAK,KAK_SP4,U,Dysoxylum_arborescens,1,1,Arth,1,1,1,Bonny Koane/Kore,25/09/2020,cloudy/sunny,0,1,0,0,5,1,4,0,0.2,,,,,
KAK,KAK_SP4,U,Dysoxylum_arborescens,2,1,1,Arth,1,1,Bonny Koane/Kore,25/09/2020,cloudy/sunny,0,1,0,0,5,1,4,0,0.2,,,,,
KAK,KAK_SP4,U,Dysoxylum_arborescens,4,1,1,1,1,Arth,Bonny Koane/Kore,25/09/2020,cloudy/sunny,0,1,0,0,5,1,4,0,0.2,,,,,
KAK,KAK_SP4,U,Dysoxylum_arborescens,7,1,1,1,1,1,Bonny Koane/Kore,25/09/2020,cloudy/sunny,0,0,0,0,5,0,5,0,0,,,,,
KAK,KAK_SP5,U,Cryptocarya_sp.,1,1,Bird,1,1,Arth,Bonny Koane/Kore,25/09/2020,cloudy/sunny,1,1,0,0,5,2,3,0.2,0.2,,1,,,
TOM,TOM_SP10,C,Acer_palmatum,8,Arth,Mam,Mam,Mam,Bird,abe+katka/mata,23/07/2018,"nice, sunny",1,1,3,0,5,5,0,0.2,0.2,,,,,1
KAK,KAK_SP5,U,Cryptocarya_sp.,3,1,1,1,1,1,Bonny Koane/Kore,25/09/2020,cloudy/sunny,0,0,0,0,5,0,5,0,0,,,,,
KAK,KAK_SP5,U,Cryptocarya_sp.,4,1,1,1,1,1,Bonny Koane/Kore,25/09/2020,cloudy/sunny,0,0,0,0,5,0,5,0,0,,,,,
KAK,KAK_SP5,U,Cryptocarya_sp.,5,1,1,1,1,1,Bonny Koane/Kore,25/09/2020,cloudy/sunny,0,0,0,0,5,0,5,0,0,,,,,
TOM,TOM_SP13,C,Magnolia_kobus,1,Arth,Mam,Mam,Mam,Bird,abe+katka/mata,23/07/2018,"nice, sunny",1,1,3,0,5,5,0,0.2,0.2,,,,,1
KAK,KAK_SP5,U,Cryptocarya_sp.,8,1,1,1,1,1,Bonny Koane/Kore,25/09/2020,cloudy/sunny,0,0,0,0,5,0,5,0,0,,,,,
DRO,DRO_SP1,U,Cryptocarya_sp.,8,Arth,1,1,1,Bird,marketa,29/11/2018,sunny,1,1,0,0,5,2,3,0.2,0.2,,,,,1
KAK,KAK_SP6,U,Syzygium_longipes,3,1,1,1,1,1,Bonny Koane/Kore,25/09/2020,cloudy/sunny,0,0,0,0,5,0,5,0,0,,,,,
DRO,DRO_SP2,U,Argyrodendron_peralatum,4,Arth,Arth,1,1,AB,marketa,29/11/2018,sunny,1,3,0,0,5,4,1,0.2,0.6,,,,,1
KAK,KAK_SP6,U,Syzygium_longipes,7,1,1,1,1,Arth,Bonny Koane/Kore,25/09/2020,cloudy/sunny,0,1,0,0,5,1,4,0,0.2,,,,,
KAK,KAK_SP6,U,Syzygium_longipes,8,1,1,1,1,1,Bonny Koane/Kore,25/09/2020,cloudy/sunny,0,0,0,0,5,0,5,0,0,,,,,
DRO,DRO_SP3,U,Myristica_globosa,5,Arth,Arth,AB,Arth,1,marketa,29/11/2018,sunny,1,4,0,0,5,5,0,0.2,0.8,,,1,,
KAK,KAK_SP7,U,Xanthophyllum_papuanum,3,1,1,1,Arth,1,Bonny Koane/Kore,25/09/2020,cloudy/sunny,0,1,0,0,5,1,4,0,0.2,,,,,
DRO,DRO_SP4,U,Haplosticanthus_ramiflorus,1,Arth,1,Arth,Arth,AB,marketa,29/11/2018,sunny,1,4,0,0,5,5,0,0.2,0.8,,,,,1
DRO,DRO_SP4,U,Haplosticanthus_ramiflorus,5,Arth,Bird,1,1,1,marketa,29/11/2018,sunny,1,1,0,0,5,2,3,0.2,0.2,,1,,,
KAK,KAK_SP7,U,Xanthophyllum_papuanum,6,1,1,1,1,1,Bonny Koane/Kore,25/09/2020,cloudy/sunny,0,0,0,0,5,0,5,0,0,,,,,
KAK,KAK_SP7,U,Xanthophyllum_papuanum,7,1,Arth,1,1,1,Bonny Koane/Kore,25/09/2020,cloudy/sunny,0,1,0,0,5,1,4,0,0.2,,,,,
KAK,KAK_SP7,U,Xanthophyllum_papuanum,8,1,1,1,1,1,Bonny Koane/Kore,25/09/2020,cloudy/sunny,0,0,0,0,5,0,5,0,0,,,,,
KAK,KAK_SP8,U,Pouteria_maclayana,1,1,1,1,Arth,Arth,Bonny Koane/Kore,25/09/2020,cloudy/sunny,0,2,0,0,5,2,3,0,0.4,,,,,
KAK,KAK_SP8,U,Pouteria_maclayana,2,1,1,1,1,1,Bonny Koane/Kore,25/09/2020,cloudy/sunny,0,0,0,0,5,0,5,0,0,,,,,
KAK,KAK_SP8,U,Pouteria_maclayana,3,1,1,1,1,1,Bonny Koane/Kore,25/09/2020,cloudy/sunny,0,0,0,0,5,0,5,0,0,,,,,
KAK,KAK_SP8,U,Pouteria_maclayana,4,1,Arth,Arth,Arth,Bird,Bonny Koane/Kore,25/09/2020,cloudy/sunny,1,4,0,0,5,5,0,0.2,0.8,,,,,1
KAK,KAK_SP8,U,Pouteria_maclayana,5,1,Arth,Arth,1,1,Bonny Koane/Kore,25/09/2020,cloudy/sunny,0,2,0,0,5,2,3,0,0.4,,,,,
DRO,DRO_SP7,U,Endiandra_leptodendron,1,Arth,1,1,AB,Arth,marketa,29/11/2018,sunny,1,3,0,0,5,4,1,0.2,0.6,,,,1,
KAK,KAK_SP8,U,Pouteria_maclayana,7,1,1,1,1,Arth,Bonny Koane/Kore,25/09/2020,cloudy/sunny,0,1,0,0,5,1,4,0,0.2,,,,,
KAK,KAK_SP8,U,Pouteria_maclayana,8,1,1,1,1,Arth,Bonny Koane/Kore,25/09/2020,cloudy/sunny,0,1,0,0,5,1,4,0,0.2,,,,,
KAK,KAK_SP9,C,Pometia_pinnata,1,1,1,1,1,1,Bonny Koane,28/09/2020,cloudy/sunny,0,0,0,0,5,0,5,0,0,,,,,
KAK,KAK_SP9,C,Pometia_pinnata,7,1,1,1,1,1,Bonny Koane,28/09/2020,cloudy/sunny,0,0,0,0,5,0,5,0,0,,,,,
KAK,KAK_SP9,C,Pometia_pinnata,8,1,Bird,1,1,1,Bonny Koane,28/09/2020,cloudy/sunny,1,0,0,0,5,1,4,0.2,0,,1,,,
KAK,KAK_SP10,C,Myristica_globosa,1,1,1,Bird,Bird,1,Bonny Koane,28/09/2020,cloudy/sunny,2,0,0,0,5,2,3,0.4,0,,,1,1,
KAK,KAK_SP10,C,Myristica_globosa,3,1,1,1,1,1,Bonny Koane,28/09/2020,cloudy/sunny,0,0,0,0,5,0,5,0,0,,,,,
KAK,KAK_SP10,C,Myristica_globosa,6,1,1,1,1,1,Bonny Koane,28/09/2020,cloudy/sunny,0,0,0,0,5,0,5,0,0,,,,,
KAK,KAK_SP10,C,Myristica_globosa,7,1,1,1,1,1,Bonny Koane,28/09/2020,cloudy/sunny,0,0,0,0,5,0,5,0,0,,,,,
KAK,KAK_SP10,C,Myristica_globosa,8,1,1,1,1,1,Bonny Koane,28/09/2020,cloudy/sunny,0,0,0,0,5,0,5,0,0,,,,,
KAK,KAK_SP11,C,Species_11,1,1,1,1,1,1,Bonny Koane,28/09/2020,cloudy/sunny,0,0,0,0,5,0,5,0,0,,,,,
KAK,KAK_SP11,C,Species_11,2,1,1,1,1,1,Bonny Koane,28/09/2020,cloudy/sunny,0,0,0,0,5,0,5,0,0,,,,,
KAK,KAK_SP11,C,Species_11,3,1,1,1,1,1,Bonny Koane,28/09/2020,cloudy/sunny,0,0,0,0,5,0,5,0,0,,,,,
KAK,KAK_SP11,C,Species_11,4,1,1,1,1,1,Bonny Koane,28/09/2020,cloudy/sunny,0,0,0,0,5,0,5,0,0,,,,,
KAK,KAK_SP11,C,Species_11,5,1,1,1,1,1,Bonny Koane,28/09/2020,cloudy/sunny,0,0,0,0,5,0,5,0,0,,,,,
KAK,KAK_SP11,C,Species_11,7,1,1,1,1,1,Bonny Koane,28/09/2020,cloudy/sunny,0,0,0,0,5,0,5,0,0,,,,,
KAK,KAK_SP11,C,Species_11,8,1,1,1,1,1,Bonny Koane,28/09/2020,cloudy/sunny,0,0,0,0,5,0,5,0,0,,,,,
KAK,KAK_SP12,C,Dysoxylum_arborescens,4,1,1,1,1,1,Bonny Koane,28/09/2020,cloudy/sunny,0,0,0,0,5,0,5,0,0,,,,,
KAK,KAK_SP12,C,Dysoxylum_arborescens,5,1,1,1,1,1,Bonny Koane,28/09/2020,cloudy/sunny,0,0,0,0,5,0,5,0,0,,,,,
KAK,KAK_SP12,C,Dysoxylum_arborescens,7,1,1,1,Arth,1,Bonny Koane,28/09/2020,cloudy/sunny,0,1,0,0,5,1,4,0,0.2,,,,,
DRO,DRO_SP9,C,Cryptocarya_sp.,6,Arth,1,1,Bird,1,marketa,29/11/2018,sunny,1,1,0,0,5,2,3,0.2,0.2,,,,1,
KAK,KAK_SP13,C,Cryptocarya_sp.,2,1,1,1,1,1,Bonny Koane,28/09/2020,cloudy/sunny,0,0,0,0,5,0,5,0,0,,,,,
KAK,KAK_SP13,C,Cryptocarya_sp.,3,1,1,1,1,1,Bonny Koane,28/09/2020,cloudy/sunny,0,0,0,0,5,0,5,0,0,,,,,
KAK,KAK_SP13,C,Cryptocarya_sp.,4,1,1,1,1,1,Bonny Koane,28/09/2020,cloudy/sunny,0,0,0,0,5,0,5,0,0,,,,,
KAK,KAK_SP13,C,Cryptocarya_sp.,5,1,1,1,1,1,Bonny Koane,28/09/2020,cloudy/sunny,0,0,0,0,5,0,5,0,0,,,,,
KAK,KAK_SP13,C,Cryptocarya_sp.,6,1,1,1,Bird,1,Bonny Koane,28/09/2020,cloudy/sunny,1,0,0,0,5,1,4,0.2,0,,,,1,
KAK,KAK_SP13,C,Cryptocarya_sp.,7,1,1,1,1,1,Bonny Koane,28/09/2020,cloudy/sunny,0,0,0,0,5,0,5,0,0,,,,,
KAK,KAK_SP13,C,Cryptocarya_sp.,8,1,1,Arth,Arth,Arth,Bonny Koane,28/09/2020,cloudy/sunny,0,3,0,0,5,3,2,0,0.6,,,,,
KAK,KAK_SP14,C,Species_14,1,1,1,1,1,1,Bonny Koane,28/09/2020,cloudy/sunny,0,0,0,0,5,0,5,0,0,,,,,
KAK,KAK_SP14,C,Species_14,2,1,1,1,1,1,Bonny Koane,28/09/2020,cloudy/sunny,0,0,0,0,5,0,5,0,0,,,,,
KAK,KAK_SP14,C,Species_14,6,1,Arth,1,Bird,1,Bonny Koane,28/09/2020,cloudy/sunny,1,1,0,0,5,2,3,0.2,0.2,,,,1,
KAK,KAK_SP14,C,Species_14,7,1,1,1,1,1,Bonny Koane,28/09/2020,cloudy/sunny,0,0,0,0,5,0,5,0,0,,,,,
KAK,KAK_SP14,C,Species_14,8,1,1,1,1,1,Bonny Koane,28/09/2020,cloudy/sunny,0,0,0,0,5,0,5,0,0,,,,,
KAK,KAK_SP15,C,Xanthophyllum_papuanum,1,1,1,1,1,1,Bonny Koane,28/09/2020,cloudy/sunny,0,0,0,0,5,0,5,0,0,,,,,
KAK,KAK_SP15,C,Xanthophyllum_papuanum,2,1,1,1,1,1,Bonny Koane,28/09/2020,cloudy/sunny,0,0,0,0,5,0,5,0,0,,,,,
KAK,KAK_SP15,C,Xanthophyllum_papuanum,3,1,1,1,1,1,Bonny Koane,28/09/2020,cloudy/sunny,0,0,0,0,5,0,5,0,0,,,,,
KAK,KAK_SP15,C,Xanthophyllum_papuanum,4,1,1,Bird,1,1,Bonny Koane,28/09/2020,cloudy/sunny,1,0,0,0,5,1,4,0.2,0,,,1,,
KAK,KAK_SP15,C,Xanthophyllum_papuanum,5,1,1,1,1,1,Bonny Koane,28/09/2020,cloudy/sunny,0,0,0,0,5,0,5,0,0,,,,,
KAK,KAK_SP15,C,Xanthophyllum_papuanum,6,1,1,1,1,1,Bonny Koane,28/09/2020,cloudy/sunny,0,0,0,0,5,0,5,0,0,,,,,
KAK,KAK_SP15,C,Xanthophyllum_papuanum,7,1,1,1,1,1,Bonny Koane,28/09/2020,cloudy/sunny,0,0,0,0,5,0,5,0,0,,,,,
KAK,KAK_SP15,C,Xanthophyllum_papuanum,8,1,1,1,1,1,Bonny Koane,28/09/2020,cloudy/sunny,0,0,0,0,5,0,5,0,0,,,,,
KAK,KAK_SP16,C,Pouteria_maclayana,2,1,1,Bird,1,1,Bonny Koane,28/09/2020,cloudy/sunny,1,0,0,0,5,1,4,0.2,0,,,1,,
KAK,KAK_SP16,C,Pouteria_maclayana,4,1,1,1,1,1,Bonny Koane,28/09/2020,cloudy/sunny,0,0,0,0,5,0,5,0,0,,,,,
KAK,KAK_SP16,C,Pouteria_maclayana,6,1,1,1,1,1,Bonny Koane,28/09/2020,cloudy/sunny,0,0,0,0,5,0,5,0,0,,,,,
KAK,KAK_SP16,C,Pouteria_maclayana,7,1,1,1,1,1,Bonny Koane,28/09/2020,cloudy/sunny,0,0,0,0,5,0,5,0,0,,,,,
KAK,KAK_SP16,C,Pouteria_maclayana,8,1,1,1,1,1,Bonny Koane,28/09/2020,cloudy/sunny,0,0,0,0,5,0,5,0,0,,,,,
LAK,751_2CU,C,Quercus_robur,1,1,1,1,NA,NA,"Martin Volf, Antonia Ludwing, Tereza Holicová, Rolf Engelman",10/05/2019,cloudy/sunny,0,0,0,0,5,0,5,0,0,,,,,
LAK,751_4CH,C,Quercus_robur,2,1,1,1,NA,NA,"Martin Volf, Antonia Ludwing, Tereza Holicová, Rolf Engelman",10/05/2019,cloudy/sunny,0,0,0,0,5,0,5,0,0,,,,,
LAK,751_8CU,C,Quercus_robur,4,1,1,1,NA,NA,"Martin Volf, Antonia Ludwing, Tereza Holicová, Rolf Engelman",10/05/2019,cloudy/sunny,0,0,0,0,5,0,5,0,0,,,,,
LAK,733_2CU,C,Quercus_robur,1,1,1,1,NA,NA,"Martin Volf, Antonia Ludwing, Tereza Holicová, Rolf Engelman",10/05/2019,cloudy/sunny,0,0,0,0,5,0,5,0,0,,,,,
LAK,733_11CU,C,Quercus_robur,5,1,1,1,NA,NA,"Martin Volf, Antonia Ludwing, Tereza Holicová, Rolf Engelman",10/05/2019,cloudy/sunny,0,0,0,0,5,0,5,0,0,,,,,
LAK,449_2CH,C,Quercus_robur,2,1,1,1,NA,NA,"Martin Volf, Antonia Ludwing, Tereza Holicová, Rolf Engelman",03/05/2019,cloudy,0,0,0,0,5,0,5,0,0,,,,,
LAK,129_2CU,C,Quercus_robur,1,1,1,1,NA,NA,"Martin Volf, Antonia Ludwing, Tereza Holicová, Rolf Engelman",10/05/2019,cloudy/sunny,0,0,0,0,5,0,5,0,0,,,,,
LAK,129_6CH,C,Quercus_robur,3,1,1,1,NA,NA,"Martin Volf, Antonia Ludwing, Tereza Holicová, Rolf Engelman",10/05/2019,cloudy/sunny,0,0,0,0,5,0,5,0,0,,,,,
LAK,129_12CU,C,Quercus_robur,5,1,1,1,NA,NA,"Martin Volf, Antonia Ludwing, Tereza Holicová, Rolf Engelman",10/05/2019,cloudy/sunny,0,0,0,0,5,0,5,0,0,,,,,
LAK,129_13CU,C,Quercus_robur,6,1,1,1,NA,NA,"Martin Volf, Antonia Ludwing, Tereza Holicová, Rolf Engelman",10/05/2019,cloudy/sunny,0,0,0,0,5,0,5,0,0,,,,,
LAK,086_6CH,C,Quercus_robur,3,1,1,1,NA,NA,"Martin Volf, Antonia Ludwing, Tereza Holicová, Rolf Engelman",09/05/2019,sunny,0,0,0,0,5,0,5,0,0,,,,,
LAK,278_2CU,C,Quercus_robur,1,1,1,1,NA,NA,"Martin Volf, Antonia Ludwing, Tereza Holicová, Rolf Engelman",12/05/2019,cloudy/sunny,0,0,0,0,5,0,5,0,0,,,,,
LAK,278_3CU,C,Quercus_robur,2,1,1,1,NA,NA,"Martin Volf, Antonia Ludwing, Tereza Holicová, Rolf Engelman",12/05/2019,cloudy/sunny,0,0,0,0,5,0,5,0,0,,,,,
LAK,278_11CH,C,Quercus_robur,6,1,1,1,NA,NA,"Martin Volf, Antonia Ludwing, Tereza Holicová, Rolf Engelman",12/05/2019,cloudy/sunny,0,0,0,0,5,0,5,0,0,,,,,
LAK,317_2CU,C,Quercus_robur,1,1,1,1,NA,NA,"Martin Volf, Antonia Ludwing, Tereza Holicová, Rolf Engelman",12/05/2019,cloudy/sunny,0,0,0,0,5,0,5,0,0,,,,,
LAK,317_8CH,C,Quercus_robur,4,1,1,1,NA,NA,"Martin Volf, Antonia Ludwing, Tereza Holicová, Rolf Engelman",12/05/2019,cloudy/sunny,0,0,0,0,5,0,5,0,0,,,,,
LAK,397_4CH,C,Quercus_robur,2,1,1,1,NA,NA,"Martin Volf, Antonia Ludwing, Tereza Holicová, Rolf Engelman",12/05/2019,cloudy/sunny,0,0,0,0,5,0,5,0,0,,,,,
LAK,397_11CU,C,Quercus_robur,6,1,1,1,NA,NA,"Martin Volf, Antonia Ludwing, Tereza Holicová, Rolf Engelman",12/05/2019,cloudy/sunny,0,0,0,0,5,0,5,0,0,,,,,
LAK,50U,U,Acer_pseudoplatanus,1,1,1,1,NA,NA,Antonia Ludwig,10/05/2019,cloudy/sunny,0,0,0,0,5,0,5,0,0,,,,,
LAK,51U,U,Acer_pseudoplatanus,1,1,1,1,NA,NA,Antonia Ludwig,10/05/2019,cloudy/sunny,0,0,0,0,5,0,5,0,0,,,,,
LAK,52U,U,Acer_pseudoplatanus,1,1,Arth,1,NA,NA,Antonia Ludwig,10/05/2019,cloudy/sunny,0,1,0,0,5,1,4,0,0.2,,,,,
LAK,53U,U,Acer_pseudoplatanus,1,1,1,1,NA,NA,Antonia Ludwig,10/05/2019,cloudy/sunny,0,0,0,0,5,0,5,0,0,,,,,
LAK,54U,U,Acer_pseudoplatanus,1,1,Arth,Arth,NA,NA,Antonia Ludwig,10/05/2019,cloudy/sunny,0,2,0,0,5,2,3,0,0.4,,,,,
LAK,55U,U,Acer_pseudoplatanus,1,1,1,1,NA,NA,Antonia Ludwig,10/05/2019,cloudy/sunny,0,0,0,0,5,0,5,0,0,,,,,
LAK,57U,U,Acer_pseudoplatanus,1,1,1,1,NA,NA,Antonia Ludwig,10/05/2019,cloudy/sunny,0,0,0,0,5,0,5,0,0,,,,,
LAK,59U,U,Acer_pseudoplatanus,1,1,1,1,NA,NA,Antonia Ludwig,10/05/2019,cloudy/sunny,0,0,0,0,5,0,5,0,0,,,,,
LAK,60U,U,Acer_pseudoplatanus,1,1,Arth,1,NA,NA,Antonia Ludwig,10/05/2019,cloudy/sunny,0,1,0,0,5,1,4,0,0.2,,,,,
LAK,62U,U,Acer_pseudoplatanus,1,1,1,1,NA,NA,Antonia Ludwig,10/05/2019,cloudy/sunny,0,0,0,0,5,0,5,0,0,,,,,
LAK,63U,U,Acer_pseudoplatanus,1,1,1,1,NA,NA,Antonia Ludwig,10/05/2019,cloudy/sunny,0,0,0,0,5,0,5,0,0,,,,,
LAK,64U,U,Acer_pseudoplatanus,1,1,1,Arth,NA,NA,Antonia Ludwig,10/05/2019,cloudy/sunny,0,1,0,0,5,1,4,0,0.2,,,,,
LAK,65U,U,Acer_pseudoplatanus,1,1,Arth,1,NA,NA,Antonia Ludwig,10/05/2019,cloudy/sunny,0,1,0,0,5,1,4,0,0.2,,,,,
LAK,66U,U,Acer_pseudoplatanus,1,1,1,1,NA,NA,Antonia Ludwig,10/05/2019,cloudy/sunny,0,0,0,0,5,0,5,0,0,,,,,
LAK,67U,U,Acer_pseudoplatanus,1,1,1,1,NA,NA,Antonia Ludwig,10/05/2019,cloudy/sunny,0,0,0,0,5,0,5,0,0,,,,,
LAK,68U,U,Acer_pseudoplatanus,1,1,1,Arth,NA,NA,Antonia Ludwig,10/05/2019,cloudy/sunny,0,1,0,0,5,1,4,0,0.2,,,,,
LAK,69U,U,Acer_pseudoplatanus,1,1,Bird,Bird,NA,NA,Antonia Ludwig,10/05/2019,cloudy/sunny,2,0,0,0,5,2,3,0.4,0,,1,1,,
LAK,70U,U,Acer_pseudoplatanus,1,1,1,1,NA,NA,Antonia Ludwig,10/05/2019,cloudy/sunny,0,0,0,0,5,0,5,0,0,,,,,
LAK,72U,U,Acer_pseudoplatanus,1,1,1,1,NA,NA,Antonia Ludwig,10/05/2019,cloudy/sunny,0,0,0,0,5,0,5,0,0,,,,,
LAK,73U,U,Acer_pseudoplatanus,1,1,1,1,NA,NA,Antonia Ludwig,10/05/2019,cloudy/sunny,0,0,0,0,5,0,5,0,0,,,,,
LAK,74U,U,Acer_pseudoplatanus,1,1,1,1,NA,NA,Antonia Ludwig,10/05/2019,cloudy/sunny,0,0,0,0,5,0,5,0,0,,,,,
LAK,75U,U,Acer_pseudoplatanus,1,1,1,1,NA,NA,Antonia Ludwig,10/05/2019,cloudy/sunny,0,0,0,0,5,0,5,0,0,,,,,
LAK,76U,U,Acer_pseudoplatanus,1,1,Arth,1,NA,NA,Antonia Ludwig,10/05/2019,cloudy/sunny,0,1,0,0,5,1,4,0,0.2,,,,,
LAK,77U,U,Acer_pseudoplatanus,1,1,1,1,NA,NA,Antonia Ludwig,10/05/2019,cloudy/sunny,0,0,0,0,5,0,5,0,0,,,,,
LAK,78U,U,Acer_pseudoplatanus,1,1,1,1,NA,NA,Antonia Ludwig,10/05/2019,cloudy/sunny,0,0,0,0,5,0,5,0,0,,,,,
LAK,79U,U,Acer_pseudoplatanus,1,1,1,1,NA,NA,Antonia Ludwig,10/05/2019,cloudy/sunny,0,0,0,0,5,0,5,0,0,,,,,
LAK,80U,U,Acer_pseudoplatanus,1,1,1,1,NA,NA,Antonia Ludwig,10/05/2019,cloudy/sunny,0,0,0,0,5,0,5,0,0,,,,,
LAK,81U,U,Acer_pseudoplatanus,1,1,1,1,NA,NA,Antonia Ludwig,10/05/2019,cloudy/sunny,0,0,0,0,5,0,5,0,0,,,,,
LAK,82U,U,Acer_pseudoplatanus,1,1,1,1,NA,NA,Antonia Ludwig,10/05/2019,cloudy/sunny,0,0,0,0,5,0,5,0,0,,,,,
LAK,83U,U,Acer_pseudoplatanus,1,1,Arth,1,NA,NA,Antonia Ludwig,10/05/2019,cloudy/sunny,0,1,0,0,5,1,4,0,0.2,,,,,
LAK,84U,U,Acer_pseudoplatanus,1,1,1,1,NA,NA,Antonia Ludwig,10/05/2019,cloudy/sunny,0,0,0,0,5,0,5,0,0,,,,,
LAK,50U,U,Acer_pseudoplatanus,1,1,1,1,NA,NA,Antonia Ludwig,12/05/2019,cloudy/sunny,0,0,0,0,5,0,5,0,0,,,,,
LAK,51U,U,Acer_pseudoplatanus,1,1,1,1,NA,NA,Antonia Ludwig,12/05/2019,cloudy/sunny,0,0,0,0,5,0,5,0,0,,,,,
LAK,52U,U,Acer_pseudoplatanus,1,1,Arth,1,NA,NA,Antonia Ludwig,12/05/2019,cloudy/sunny,0,1,0,0,5,1,4,0,0.2,,,,,
LAK,53U,U,Acer_pseudoplatanus,1,1,1,1,NA,NA,Antonia Ludwig,12/05/2019,cloudy/sunny,0,0,0,0,5,0,5,0,0,,,,,
LAK,54U,U,Acer_pseudoplatanus,1,1,1,1,NA,NA,Antonia Ludwig,12/05/2019,cloudy/sunny,0,0,0,0,5,0,5,0,0,,,,,
LAK,55U,U,Acer_pseudoplatanus,1,1,1,1,NA,NA,Antonia Ludwig,12/05/2019,cloudy/sunny,0,0,0,0,5,0,5,0,0,,,,,
LAK,56U,U,Acer_pseudoplatanus,1,1,1,1,NA,NA,Antonia Ludwig,12/05/2019,cloudy/sunny,0,0,0,0,5,0,5,0,0,,,,,
LAK,57U,U,Acer_pseudoplatanus,1,1,1,1,NA,NA,Antonia Ludwig,12/05/2019,cloudy/sunny,0,0,0,0,5,0,5,0,0,,,,,
LAK,58U,U,Acer_pseudoplatanus,1,1,1,1,NA,NA,Antonia Ludwig,12/05/2019,cloudy/sunny,0,0,0,0,5,0,5,0,0,,,,,
LAK,59U,U,Acer_pseudoplatanus,1,1,1,1,NA,NA,Antonia Ludwig,12/05/2019,cloudy/sunny,0,0,0,0,5,0,5,0,0,,,,,
LAK,62U,U,Acer_pseudoplatanus,1,1,1,Arth,NA,NA,Antonia Ludwig,12/05/2019,cloudy/sunny,0,1,0,0,5,1,4,0,0.2,,,,,
LAK,63U,U,Acer_pseudoplatanus,1,1,1,Arth,NA,NA,Antonia Ludwig,12/05/2019,cloudy/sunny,0,1,0,0,5,1,4,0,0.2,,,,,
LAK,64U,U,Acer_pseudoplatanus,1,1,1,1,NA,NA,Antonia Ludwig,12/05/2019,cloudy/sunny,0,0,0,0,5,0,5,0,0,,,,,
LAK,65U,U,Acer_pseudoplatanus,1,1,1,Arth,NA,NA,Antonia Ludwig,12/05/2019,cloudy/sunny,0,1,0,0,5,1,4,0,0.2,,,,,
LAK,66U,U,Acer_pseudoplatanus,1,1,1,1,NA,NA,Antonia Ludwig,12/05/2019,cloudy/sunny,0,0,0,0,5,0,5,0,0,,,,,
LAK,67U,U,Acer_pseudoplatanus,1,1,1,1,NA,NA,Antonia Ludwig,12/05/2019,cloudy/sunny,0,0,0,0,5,0,5,0,0,,,,,
DRO,DRO_SP13,C,Rockinghamia_angustifolia,4,Arth,Arth,Arth,Arth,Bird,marketa,29/11/2018,sunny,1,4,0,0,5,5,0,0.2,0.8,,,,,1
LAK,69U,U,Acer_pseudoplatanus,1,1,1,1,NA,NA,Antonia Ludwig,12/05/2019,cloudy/sunny,0,0,0,0,5,0,5,0,0,,,,,
LAK,70U,U,Acer_pseudoplatanus,1,1,1,Arth,NA,NA,Antonia Ludwig,12/05/2019,cloudy/sunny,0,1,0,0,5,1,4,0,0.2,,,,,
LAK,71U,U,Acer_pseudoplatanus,1,1,1,1,NA,NA,Antonia Ludwig,12/05/2019,cloudy/sunny,0,0,0,0,5,0,5,0,0,,,,,
LAK,72U,U,Acer_pseudoplatanus,1,1,1,1,NA,NA,Antonia Ludwig,12/05/2019,cloudy/sunny,0,0,0,0,5,0,5,0,0,,,,,
LAK,74U,U,Acer_pseudoplatanus,1,1,1,1,NA,NA,Antonia Ludwig,12/05/2019,cloudy/sunny,0,0,0,0,5,0,5,0,0,,,,,
LAK,75U,U,Acer_pseudoplatanus,1,1,1,1,NA,NA,Antonia Ludwig,12/05/2019,cloudy/sunny,0,0,0,0,5,0,5,0,0,,,,,
LAK,77U,U,Acer_pseudoplatanus,1,1,1,1,NA,NA,Antonia Ludwig,12/05/2019,cloudy/sunny,0,0,0,0,5,0,5,0,0,,,,,
LAK,78U,U,Acer_pseudoplatanus,1,1,1,1,NA,NA,Antonia Ludwig,12/05/2019,cloudy/sunny,0,0,0,0,5,0,5,0,0,,,,,
LAK,79U,U,Acer_pseudoplatanus,1,1,1,1,NA,NA,Antonia Ludwig,12/05/2019,cloudy/sunny,0,0,0,0,5,0,5,0,0,,,,,
LAK,80U,U,Acer_pseudoplatanus,1,1,1,1,NA,NA,Antonia Ludwig,12/05/2019,cloudy/sunny,0,0,0,0,5,0,5,0,0,,,,,
LAK,81U,U,Acer_pseudoplatanus,1,1,Arth,1,NA,NA,Antonia Ludwig,12/05/2019,cloudy/sunny,0,1,0,0,5,1,4,0,0.2,,,,,
LAK,82U,U,Acer_pseudoplatanus,1,1,1,1,NA,NA,Antonia Ludwig,12/05/2019,cloudy/sunny,0,0,0,0,5,0,5,0,0,,,,,
LAK,83U,U,Acer_pseudoplatanus,1,1,Arth,1,NA,NA,Antonia Ludwig,12/05/2019,cloudy/sunny,0,1,0,0,5,1,4,0,0.2,,,,,
LAK,84U,U,Acer_pseudoplatanus,1,1,Arth,Arth,NA,NA,Antonia Ludwig,12/05/2019,cloudy/sunny,0,0,0,0,5,0,5,0,0,,,,,
DRO,DRO_SP14,C,Ficus_hahliana,1,Arth,Bird,Arth,1,1,marketa,29/11/2018,sunny,1,2,0,0,5,3,2,0.2,0.4,,1,,,
TOM,TOM_SP1,U,Magnolia_kobus,4,Arth,Arth,1,1,1,legi+mata/katka,23/07/2018,partly cloudy,0,2,0,0,5,2,3,0,0.4,,,,,
EUC,EUC_SP1,U,Bursaria_spinosa,8,Arth,1,Arth,1,Bird,honza,11/04/2019,cloudy/sunny,1,2,0,0,5,3,2,0.2,0.4,,,,,1
TOM,TOM_SP2,U,Syringa_reticulata,8,Arth,Arth,1,1,1,legi+mata/katka,23/07/2018,partly cloudy,0,2,0,0,5,2,3,0,0.4,,,,,
TOM,TOM_SP3,U,Carpinus_cordata,1,Arth,1,1,1,Mam,legi+mata/katka,23/07/2018,partly cloudy,0,1,1,0,5,2,3,0,0.2,,,,,
TOM,TOM_SP3,U,Carpinus_cordata,2,Arth,1,1,1,1,legi+mata/katka,23/07/2018,partly cloudy,0,1,0,0,5,1,4,0,0.2,,,,,
TOM,TOM_SP4,U,Acer_mono,8,Arth,1,1,1,Mam,legi+mata/katka,23/07/2018,partly cloudy,0,1,1,0,5,2,3,0,0.2,,,,,
TOM,TOM_SP5,U,Prunus_ssiori,1,Arth,Arth,1,1,1,legi+mata/katka,23/07/2018,partly cloudy,0,2,0,0,5,2,3,0,0.4,,,,,
TOM,TOM_SP5,U,Prunus_ssiori,2,Arth,Arth,1,1,Arth,legi+mata/katka,23/07/2018,partly cloudy,0,3,0,0,5,3,2,0,0.6,,,,,
TOM,TOM_SP5,U,Prunus_ssiori,8,Arth,1,1,1,1,legi+mata/katka,23/07/2018,partly cloudy,0,1,0,0,5,1,4,0,0.2,,,,,
TOM,TOM_SP6,U,Acer_palmatum,5,Arth,1,1,1,1,legi+mata/katka,23/07/2018,partly cloudy,0,1,0,0,5,1,4,0,0.2,,,,,
EUC,EUC_SP4,U,Eucalyptus_tereticornis,8,Arth,Arth,Arth,Bird,1,honza,11/04/2019,cloudy/sunny,1,3,0,0,5,4,1,0.2,0.6,,,,1,
TOM,TOM_SP7,U,Fraxinus_lanuginosa,7,Arth,1,1,1,1,legi+mata/katka,23/07/2018,partly cloudy,0,1,0,0,5,1,4,0,0.2,,,,,
TOM,TOM_SP7,U,Fraxinus_lanuginosa,8,Arth,1,1,1,1,legi+mata/katka,23/07/2018,partly cloudy,0,1,0,0,5,1,4,0,0.2,,,,,
EUC,EUC_SP9,C,Eucalyptus_tereticornis,7,Arth,Arth,1,Bird,1,sara,15/04/2019,sunny,1,2,0,0,5,3,2,0.2,0.4,,,,1,
EUC,EUC_SP9,C,Eucalyptus_tereticornis,8,Arth,Arth,Arth,Bird,1,sara,15/04/2019,sunny,1,3,0,0,5,4,1,0.2,0.6,,,,1,
EUC,EUC_SP10,C,Eucalyptus_tereticornis,8,Arth,1,1,Arth,Bird,sara,15/04/2019,sunny,1,2,0,0,5,3,2,0.2,0.4,,,,,1
EUC,EUC_SP14,C,Eucalyptus_tereticornis,8,Arth,1,1,Bird,Arth,sara,15/04/2019,sunny,1,2,0,0,5,3,2,0.2,0.4,,,,1,
EUC,EUC_SP15,C,Eucalyptus_tereticornis,8,Arth,1,1,Bird,Arth,sara,15/04/2019,sunny,1,2,0,0,5,3,2,0.2,0.4,,,,1,
BUB,BUB_SP3,U,Orola,3,Arth,Bird,Bird,1,1,sara + sam,06/09/2019,cloudy/sunny,2,1,0,0,5,3,2,0.4,0.2,,1,1,,
LAK,733_3CH,C,Quercus_robur,2,Arth,Bird,1,NA,NA,"Martin Volf, Antonia Ludwing, Tereza Holicová, Rolf Engelman",10/05/2019,cloudy/sunny,1,1,0,0,5,2,3,0.2,0.2,,1,,,
TOM,TOM_SP15,C,Ostrya_japonica,1,Arth,1,1,Arth,Mam,abe+katka/mata,23/07/2018,"nice, sunny",0,2,1,0,5,3,2,0,0.4,,,,,
TOM,TOM_SP15,C,Ostrya_japonica,2,Arth,Arth,1,Snail,1,abe+katka/mata,23/07/2018,"nice, sunny",0,2,0,1,4,2,2,0,0.5,,,,,
LAK,129_3CH,C,Quercus_robur,2,Arth,Bird,1,NA,NA,"Martin Volf, Antonia Ludwing, Tereza Holicová, Rolf Engelman",10/05/2019,cloudy/sunny,1,1,0,0,5,2,3,0.2,0.2,,1,,,
DRO,DRO_SP1,U,Cryptocarya_sp.,4,Arth,1,Arth,Arth,1,marketa,29/11/2018,sunny,0,3,0,0,5,3,2,0,0.6,,,,,
DRO,DRO_SP1,U,Cryptocarya_sp.,6,Arth,Arth,Arth,Arth,Arth,marketa,29/11/2018,sunny,0,5,0,0,5,5,0,0,1,,,,,
LAK,129_7CU,C,Quercus_robur,4,Arth,Bird,1,NA,NA,"Martin Volf, Antonia Ludwing, Tereza Holicová, Rolf Engelman",10/05/2019,cloudy/sunny,1,1,0,0,5,2,3,0.2,0.2,,1,,,
DRO,DRO_SP2,U,Argyrodendron_peralatum,3,Arth,1,1,Arth,Bird,marketa,29/11/2018,sunny,1,2,0,0,5,3,2,0.2,0.4,,,,,1
DRO,DRO_SP5,U,Rockinghamia_angustifolia,1,BA,1,1,Arth,1,marketa,29/11/2018,sunny,1,1,0,0,5,2,3,0.2,0.2,1,,,,
DRO,DRO_SP2,U,Argyrodendron_peralatum,6,Arth,Arth,Arth,Arth,Arth,marketa,29/11/2018,sunny,0,5,0,0,5,5,0,0,1,,,,,
DRO,DRO_SP2,U,Argyrodendron_peralatum,7,Arth,Arth,Arth,Bird,Arth,marketa,29/11/2018,sunny,1,4,0,0,5,5,0,0.2,0.8,,,,1,
DRO,DRO_SP3,U,Myristica_globosa,1,Arth,Arth,1,1,1,marketa,29/11/2018,sunny,0,4,0,0,5,4,1,0,0.8,,,,,
DRO,DRO_SP3,U,Myristica_globosa,2,Arth,1,Arth,Arth,Bird,marketa,29/11/2018,sunny,1,3,0,0,5,4,1,0.2,0.6,,,,,1
TOM,TOM_SP13,C,Magnolia_kobus,8,Bird,1,1,1,Mam,abe+katka/mata,23/07/2018,"nice, sunny",1,0,1,0,5,2,3,0.2,0,1,,,,
DRO,DRO_SP3,U,Myristica_globosa,7,Arth,1,Arth,1,1,marketa,29/11/2018,sunny,0,2,0,0,5,2,3,0,0.4,,,,,
DRO,DRO_SP3,U,Myristica_globosa,8,Arth,Arth,1,1,1,marketa,29/11/2018,sunny,0,2,0,0,5,2,3,0,0.4,,,,,
DRO,DRO_SP2,U,Argyrodendron_peralatum,8,Bird,1,1,1,1,marketa,29/11/2018,sunny,1,0,0,0,5,1,4,0.2,0,1,,,,
DRO,DRO_SP5,U,Rockinghamia_angustifolia,5,Bird,Arth,Arth,1,1,marketa,29/11/2018,sunny,1,2,0,0,5,3,2,0.2,0.4,1,,,,
DRO,DRO_SP5,U,Rockinghamia_angustifolia,3,Arth,1,1,1,Arth,marketa,29/11/2018,sunny,0,2,0,0,5,2,3,0,0.4,,,,,
DRO,DRO_SP6,U,Cleisthanthus_myrianthus,2,Arth,1,1,Arth,1,marketa,29/11/2018,sunny,0,2,0,0,5,2,3,0,0.4,,,,,
DRO,DRO_SP6,U,Cleisthanthus_myrianthus,3,Arth,1,1,Arth,Arth,marketa,29/11/2018,sunny,0,3,0,0,5,3,2,0,0.6,,,,,
DRO,DRO_SP6,U,Cleisthanthus_myrianthus,5,Arth,1,1,1,1,marketa,29/11/2018,sunny,0,1,0,0,5,1,4,0,0.2,,,,,
DRO,DRO_SP7,U,Endiandra_leptodendron,7,Bird,1,Arth,Arth,1,marketa,29/11/2018,sunny,1,2,0,0,5,3,2,0.2,0.4,1,,,,
DRO,DRO_SP7,U,Endiandra_leptodendron,2,Arth,1,Bird,Bird,Bird,marketa,29/11/2018,sunny,3,1,0,0,5,4,1,0.6,0.2,,,1,1,1
DRO,DRO_SP7,U,Endiandra_leptodendron,5,Arth,Arth,Arth,Arth,Arth,marketa,29/11/2018,sunny,0,5,0,0,5,5,0,0,1,,,,,
DRO,DRO_SP8,U,Dysoxylum_arborescens,1,Arth,1,1,1,1,marketa,29/11/2018,sunny,0,1,0,0,5,1,4,0,0.2,,,,,
DRO,DRO_SP8,U,Dysoxylum_arborescens,3,Arth,Arth,Arth,Arth,Arth,marketa,29/11/2018,sunny,0,5,0,0,5,5,0,0,1,,,,,
DRO,DRO_SP8,U,Dysoxylum_arborescens,4,Arth,Arth,Arth,Arth,1,marketa,29/11/2018,sunny,0,4,0,0,5,4,1,0,0.8,,,,,
DRO,DRO_SP8,U,Dysoxylum_arborescens,5,Arth,1,1,1,1,marketa,29/11/2018,sunny,0,1,0,0,5,1,4,0,0.2,,,,,
DRO,DRO_SP14,C,Ficus_hahliana,6,Bird,1,1,1,1,marketa,29/11/2018,sunny,1,0,0,0,5,1,4,0.2,0,1,,,,
DRO,DRO_SP10,C,Argyrodendron_peralatum,6,Arth,1,1,1,1,marketa,29/11/2018,sunny,0,1,0,0,5,1,4,0,0.2,,,,,
DRO,DRO_SP12,C,Syzygium_graveolens,3,Arth,1,1,1,1,marketa,29/11/2018,sunny,0,1,0,0,5,1,4,0,0.2,,,,,
EUC,EUC_SP11,C,Eucalyptus_tereticornis,4,Bird,1,Arth,1,Arth,sara,15/04/2019,sunny,1,2,0,0,5,3,2,0.2,0.4,1,,,,
DRO,DRO_SP13,C,Rockinghamia_angustifolia,3,Arth,1,1,1,1,marketa,29/11/2018,sunny,0,1,0,0,5,1,4,0,0.2,,,,,
EUC,EUC_SP12,C,Eucalyptus_tereticornis,6,Bird,1,1,1,Arth,sara,15/04/2019,sunny,1,1,0,0,5,2,3,0.2,0.2,1,,,,
EUC,EUC_SP14,C,Eucalyptus_tereticornis,4,Bird,1,1,1,1,sara,15/04/2019,sunny,1,0,0,0,5,1,4,0.2,0,1,,,,
DRO,DRO_SP14,C,Ficus_hahliana,2,Arth,1,Arth,1,1,marketa,29/11/2018,sunny,0,2,0,0,5,2,3,0,0.4,,,,,
EUC,EUC_SP1,U,Bursaria_spinosa,3,Arth,1,1,1,1,honza,11/04/2019,cloudy/sunny,0,1,0,0,5,1,4,0,0.2,,,,,
EUC,EUC_SP15,C,Eucalyptus_tereticornis,4,Bird,1,1,1,1,sara,15/04/2019,sunny,1,0,0,0,5,1,4,0.2,0,1,,,,
EUC,EUC_SP4,U,Eucalyptus_tereticornis,1,Arth,Arth,1,1,1,honza,11/04/2019,cloudy/sunny,0,2,0,0,5,2,3,0,0.4,,,,,
EUC,EUC_SP4,U,Eucalyptus_tereticornis,2,Arth,1,1,1,1,honza,11/04/2019,cloudy/sunny,0,1,0,0,5,1,4,0,0.2,,,,,
EUC,EUC_SP4,U,Eucalyptus_tereticornis,3,Arth,Arth,Arth,1,1,honza,11/04/2019,cloudy/sunny,0,3,0,0,5,3,2,0,0.6,,,,,
EUC,EUC_SP4,U,Eucalyptus_tereticornis,7,Arth,1,1,Arth,1,honza,11/04/2019,cloudy/sunny,0,2,0,0,5,2,3,0,0.4,,,,,
BUB,BUB_SP4,U,Baccra,4,Bird,1,Arth,Arth,1,sara + sam,06/09/2019,cloudy/sunny,1,2,0,0,5,3,2,0.2,0.4,1,,,,
EUC,EUC_SP6,U,Breynia_oblingifolia,1,Arth,Arth,Arth,1,Arth,honza,11/04/2019,cloudy/sunny,0,4,0,0,5,4,1,0,0.8,,,,,
EUC,EUC_SP6,U,Breynia_oblingifolia,2,Arth,Arth,Arth,1,1,honza,11/04/2019,cloudy/sunny,0,3,0,0,5,3,2,0,0.6,,,,,
EUC,EUC_SP6,U,Breynia_oblingifolia,5,Arth,Arth,1,1,1,honza,11/04/2019,cloudy/sunny,0,2,0,0,5,2,3,0,0.4,,,,,
EUC,EUC_SP6,U,Breynia_oblingifolia,6,Arth,Arth,1,Arth,Arth,honza,11/04/2019,cloudy/sunny,0,4,0,0,5,4,1,0,0.8,,,,,
EUC,EUC_SP8,U,Eucalyptus_pruinosa,2,Arth,1,Arth,1,1,honza,11/04/2019,cloudy/sunny,0,2,0,0,5,2,3,0,0.4,,,,,
EUC,EUC_SP8,U,Eucalyptus_pruinosa,6,Arth,Arth,1,1,Arth,honza,11/04/2019,cloudy/sunny,0,3,0,0,5,3,2,0,0.6,,,,,
EUC,EUC_SP9,C,Eucalyptus_tereticornis,1,Arth,Arth,Arth,1,1,sara,15/04/2019,sunny,0,3,0,0,5,3,2,0,0.6,,,,,
EUC,EUC_SP9,C,Eucalyptus_tereticornis,2,Arth,Arth,Arth,1,1,sara,15/04/2019,sunny,0,3,0,0,5,3,2,0,0.6,,,,,
EUC,EUC_SP9,C,Eucalyptus_tereticornis,6,Arth,Arth,1,Arth,Arth,sara,15/04/2019,sunny,0,4,0,0,5,4,1,0,0.8,,,,,
BUB,BUB_SP5,U,Garcinia_cowa,3,Bird,1,1,1,1,sara + sam,06/09/2019,cloudy/sunny,1,0,0,0,5,1,4,0.2,0,1,,,,
KAK,KAK_SP2,U,Myristica_globosa,8,Bird,1,1,1,Arth,Bonny Koane/Kore,25/09/2020,cloudy/sunny,1,1,0,0,5,2,3,0.2,0.2,1,,,,
EUC,EUC_SP10,C,Eucalyptus_tereticornis,3,Arth,1,1,Arth,Arth,sara,15/04/2019,sunny,0,3,0,0,5,3,2,0,0.6,,,,,
KAK,KAK_SP3,U,Ficus_hahliana,2,Bird,1,1,1,1,Bonny Koane/Kore,25/09/2020,cloudy/sunny,1,0,0,0,5,1,4,0.2,0,1,,,,
EUC,EUC_SP12,C,Eucalyptus_tereticornis,2,Arth,1,Arth,1,1,sara,15/04/2019,sunny,0,2,0,0,5,2,3,0,0.4,,,,,
EUC,EUC_SP13,C,Eucalyptus_tereticornis,7,Arth,Arth,Arth,1,Arth,sara,15/04/2019,sunny,0,4,0,0,5,4,1,0,0.8,,,,,
EUC,EUC_SP14,C,Eucalyptus_tereticornis,2,Arth,1,1,1,1,sara,15/04/2019,sunny,0,1,0,0,5,1,4,0,0.2,,,,,
LAK,086_1CU,C,Quercus_robur,1,Bird,1,1,NA,NA,"Martin Volf, Antonia Ludwing, Tereza Holicová, Rolf Engelman",09/05/2019,sunny,1,0,0,0,5,1,4,0.2,0,1,,,,
EUC,EUC_SP15,C,Eucalyptus_tereticornis,2,Arth,1,1,1,1,sara,15/04/2019,sunny,0,1,0,0,5,1,4,0,0.2,,,,,
LAK,278_6CU,C,Quercus_robur,3,Bird,1,1,NA,NA,"Martin Volf, Antonia Ludwing, Tereza Holicová, Rolf Engelman",12/05/2019,cloudy/sunny,1,0,0,0,5,1,4,0.2,0,1,,,,
BUB,BUB_SP2,U,Clebre,4,Arth,Arth,Arth,Arth,Arth,sara + sam,06/09/2019,cloudy/sunny,0,5,0,0,5,5,0,0,1,,,,,
BUB,BUB_SP2,U,Clebre,7,Arth,Arth,Arth,Bird,1,sara + sam,06/09/2019,cloudy/sunny,1,3,0,0,5,4,1,0.2,0.6,,,,1,
TOM,TOM_SP8,U,Betula_maximowiczia,5,1,Bird,Bird,Mam,1,legi+mata/katka,31/08/2018,partly cloudy,2,0,1,0,5,3,2,0.4,0,,1,1,,
BUB,BUB_SP7,U,P._chinensis,4,Arth,Arth,Arth,Arth,1,sara + sam,06/09/2019,cloudy/sunny,0,4,0,0,5,4,1,0,0.8,,,,,
BUB,BUB_SP8,U,Pittke,3,Arth,1,1,1,1,sara + sam,06/09/2019,cloudy/sunny,0,1,0,0,5,1,4,0,0.2,,,,,
BUB,BUB_SP8,U,Pittke,8,Arth,Arth,Arth,Arth,1,sara + sam,06/09/2019,cloudy/sunny,0,4,0,0,5,4,1,0,0.8,,,,,
BUB,BUB_SP11,C,Colona_thorelii,8,Arth,1,1,1,1,legi,02/04/2019,cloudy/sunny,0,1,0,0,5,1,4,0,0.2,,,,,
BUB,BUB_SP15,C,Semecarpus_reticulatus,4,Arth,1,1,1,1,legi,02/04/2019,cloudy/sunny,0,1,0,0,5,1,4,0,0.2,,,,,
KAK,KAK_SP1,U,Pometia_pinnata,1,Arth,1,1,1,1,Bonny Koane/Kore,25/09/2020,cloudy/sunny,0,1,0,0,5,1,4,0,0.2,,,,,
KAK,KAK_SP2,U,Myristica_globosa,2,Arth,1,1,1,1,Bonny Koane/Kore,25/09/2020,cloudy/sunny,0,1,0,0,5,1,4,0,0.2,,,,,
KAK,KAK_SP3,U,Ficus_hahliana,1,Arth,1,1,1,1,Bonny Koane/Kore,25/09/2020,cloudy/sunny,0,1,0,0,5,1,4,0,0.2,,,,,
KAK,KAK_SP3,U,Ficus_hahliana,3,Arth,1,1,1,1,Bonny Koane/Kore,25/09/2020,cloudy/sunny,0,1,0,0,5,1,4,0,0.2,,,,,
KAK,KAK_SP3,U,Ficus_hahliana,4,Arth,1,1,Bird,Bird,Bonny Koane/Kore,25/09/2020,cloudy/sunny,2,1,0,0,5,3,2,0.4,0.2,,,,1,1
KAK,KAK_SP3,U,Ficus_hahliana,7,Arth,1,Arth,Bird,1,Bonny Koane/Kore,25/09/2020,cloudy/sunny,1,2,0,0,5,3,2,0.2,0.4,,,,1,
KAK,KAK_SP4,U,Dysoxylum_arborescens,3,Arth,1,1,Bird,1,Bonny Koane/Kore,25/09/2020,cloudy/sunny,1,1,0,0,5,2,3,0.2,0.2,,,,1,
KAK,KAK_SP4,U,Dysoxylum_arborescens,5,Arth,1,1,Arth,1,Bonny Koane/Kore,25/09/2020,cloudy/sunny,0,1,0,0,5,1,4,0,0.2,,,,,
KAK,KAK_SP4,U,Dysoxylum_arborescens,6,Arth,Arth,Arth,1,Bird,Bonny Koane/Kore,25/09/2020,cloudy/sunny,1,3,0,0,5,4,1,0.2,0.6,,,,,1
KAK,KAK_SP5,U,Cryptocarya_sp.,6,Arth,Arth,Arth,Arth,Arth,Bonny Koane/Kore,25/09/2020,cloudy/sunny,0,5,0,0,5,5,0,0,1,,,,,
KAK,KAK_SP6,U,Syzygium_longipes,5,Arth,1,1,1,1,Bonny Koane/Kore,25/09/2020,cloudy/sunny,0,1,0,0,5,1,4,0,0.2,,,,,
KAK,KAK_SP6,U,Syzygium_longipes,6,Arth,1,1,Arth,Arth,Bonny Koane/Kore,25/09/2020,cloudy/sunny,0,3,0,0,5,3,2,0,0.6,,,,,
KAK,KAK_SP7,U,Xanthophyllum_papuanum,2,Arth,Arth,Bird,Bird,1,Bonny Koane/Kore,25/09/2020,cloudy/sunny,2,0,2,0,5,4,1,0.4,0,,,1,1,
KAK,KAK_SP12,C,Dysoxylum_arborescens,1,Arth,1,1,1,1,Bonny Koane,28/09/2020,cloudy/sunny,0,1,0,0,5,1,4,0,0.2,,,,,
KAK,KAK_SP12,C,Dysoxylum_arborescens,3,Arth,1,1,1,1,Bonny Koane,28/09/2020,cloudy/sunny,0,1,0,0,5,1,4,0,0.2,,,,,
KAK,KAK_SP12,C,Dysoxylum_arborescens,8,Arth,1,1,1,1,Bonny Koane,28/09/2020,cloudy/sunny,0,1,0,0,5,1,4,0,0.2,,,,,
KAK,KAK_SP16,C,Pouteria_maclayana,1,Arth,1,1,1,1,Bonny Koane,28/09/2020,cloudy/sunny,0,1,0,0,5,1,4,0,0.2,,,,,
KAK,KAK_SP16,C,Pouteria_maclayana,3,Arth,Arth,1,1,1,Bonny Koane,28/09/2020,cloudy/sunny,0,2,0,0,5,2,3,0,0.4,,,,,
KAK,KAK_SP16,C,Pouteria_maclayana,5,Arth,1,1,1,1,Bonny Koane,28/09/2020,cloudy/sunny,0,1,0,0,5,1,4,0,0.2,,,,,
LAK,751_7CH,C,Quercus_robur,3,Arth,1,1,NA,NA,"Martin Volf, Antonia Ludwing, Tereza Holicová, Rolf Engelman",10/05/2019,cloudy/sunny,0,1,0,0,5,1,4,0,0.2,,,,,
LAK,751_10CH,C,Quercus_robur,5,Arth,1,1,NA,NA,"Martin Volf, Antonia Ludwing, Tereza Holicová, Rolf Engelman",10/05/2019,cloudy/sunny,0,1,0,0,5,1,4,0,0.2,,,,,
TOM,TOM_SP8,U,Betula_maximowiczia,6,1,1,1,Bird,Bird,legi+mata/katka,31/08/2018,partly cloudy,2,0,0,0,5,2,3,0.4,0,,,,1,1
LAK,733_6CH,C,Quercus_robur,3,Arth,Arth,1,NA,NA,"Martin Volf, Antonia Ludwing, Tereza Holicová, Rolf Engelman",10/05/2019,cloudy/sunny,0,2,0,0,5,2,3,0,0.4,,,,,
LAK,733_7CH,C,Quercus_robur,4,Arth,1,1,NA,NA,"Martin Volf, Antonia Ludwing, Tereza Holicová, Rolf Engelman",10/05/2019,cloudy/sunny,0,1,0,0,5,1,4,0,0.2,,,,,
LAK,449_1CU,C,Quercus_robur,1,Arth,1,1,NA,NA,"Martin Volf, Antonia Ludwing, Tereza Holicová, Rolf Engelman",03/05/2019,cloudy,0,1,0,0,5,1,4,0,0.2,,,,,
LAK,449_5CU,C,Quercus_robur,3,Arth,1,1,NA,NA,"Martin Volf, Antonia Ludwing, Tereza Holicová, Rolf Engelman",03/05/2019,cloudy,0,1,0,0,5,1,4,0,0.2,,,,,
LAK,449_7CH,C,Quercus_robur,4,Arth,1,1,NA,NA,"Martin Volf, Antonia Ludwing, Tereza Holicová, Rolf Engelman",03/05/2019,cloudy,0,1,0,0,5,1,4,0,0.2,,,,,
TOM,TOM_SP11,C,Fraxinus_lanuginosa,5,1,1,1,Bird,Bird,abe+katka/mata,23/07/2018,"nice, sunny",2,0,0,0,5,2,3,0.4,0,,,,1,1
TOM,TOM_SP13,C,Magnolia_kobus,2,1,1,Mam,Bird,Bird,abe+katka/mata,23/07/2018,"nice, sunny",2,0,1,0,5,3,2,0.4,0,,,,1,1
LAK,129_14CH,C,Quercus_robur,7,Arth,1,1,NA,NA,"Martin Volf, Antonia Ludwing, Tereza Holicová, Rolf Engelman",10/05/2019,cloudy/sunny,0,1,0,0,5,1,4,0,0.2,,,,,
LAK,129_16CU,C,Quercus_robur,8,Arth,1,1,NA,NA,"Martin Volf, Antonia Ludwing, Tereza Holicová, Rolf Engelman",10/05/2019,cloudy/sunny,0,1,0,0,5,1,4,0,0.2,,,,,
LAK,086_3CH,C,Quercus_robur,2,Arth,1,1,NA,NA,"Martin Volf, Antonia Ludwing, Tereza Holicová, Rolf Engelman",09/05/2019,sunny,0,1,0,0,5,1,4,0,0.2,,,,,
LAK,278_8CU,C,Quercus_robur,4,Arth,1,1,NA,NA,"Martin Volf, Antonia Ludwing, Tereza Holicová, Rolf Engelman",12/05/2019,cloudy/sunny,0,1,0,0,5,1,4,0,0.2,,,,,
LAK,278_10CH,C,Quercus_robur,5,Arth,Arth,1,NA,NA,"Martin Volf, Antonia Ludwing, Tereza Holicová, Rolf Engelman",12/05/2019,cloudy/sunny,0,2,0,0,5,2,3,0,0.4,,,,,
LAK,317_3CU,C,Quercus_robur,2,Arth,1,1,NA,NA,"Martin Volf, Antonia Ludwing, Tereza Holicová, Rolf Engelman",12/05/2019,cloudy/sunny,0,1,0,0,5,1,4,0,0.2,,,,,
LAK,317_6CH,C,Quercus_robur,3,Arth,1,1,NA,NA,"Martin Volf, Antonia Ludwing, Tereza Holicová, Rolf Engelman",12/05/2019,cloudy/sunny,0,1,0,0,5,1,4,0,0.2,,,,,
LAK,317_10CH,C,Quercus_robur,5,Arth,1,1,NA,NA,"Martin Volf, Antonia Ludwing, Tereza Holicová, Rolf Engelman",12/05/2019,cloudy/sunny,0,1,0,0,5,1,4,0,0.2,,,,,
LAK,317_11CH,C,Quercus_robur,6,Arth,1,1,NA,NA,"Martin Volf, Antonia Ludwing, Tereza Holicová, Rolf Engelman",12/05/2019,cloudy/sunny,0,1,0,0,5,1,4,0,0.2,,,,,
LAK,397_2CU,C,Quercus_robur,1,Arth,1,1,NA,NA,"Martin Volf, Antonia Ludwing, Tereza Holicová, Rolf Engelman",12/05/2019,cloudy/sunny,0,1,0,0,5,1,4,0,0.2,,,,,
LAK,397_6CH,C,Quercus_robur,3,Arth,Arth,1,NA,NA,"Martin Volf, Antonia Ludwing, Tereza Holicová, Rolf Engelman",12/05/2019,cloudy/sunny,0,2,0,0,5,2,3,0,0.4,,,,,
LAK,397_7CH,C,Quercus_robur,4,Arth,1,1,NA,NA,"Martin Volf, Antonia Ludwing, Tereza Holicová, Rolf Engelman",12/05/2019,cloudy/sunny,0,1,0,0,5,1,4,0,0.2,,,,,
LAK,397_10CH,C,Quercus_robur,5,Arth,1,1,NA,NA,"Martin Volf, Antonia Ludwing, Tereza Holicová, Rolf Engelman",12/05/2019,cloudy/sunny,0,1,0,0,5,1,4,0,0.2,,,,,
LAK,56U,U,Acer_pseudoplatanus,1,Arth,1,Arth,NA,NA,Antonia Ludwig,10/05/2019,cloudy/sunny,0,2,0,0,5,2,3,0,0.4,,,,,
LAK,58U,U,Acer_pseudoplatanus,1,Arth,Arth,1,NA,NA,Antonia Ludwig,10/05/2019,cloudy/sunny,0,2,0,0,5,2,3,0,0.4,,,,,
LAK,71U,U,Acer_pseudoplatanus,1,Arth,1,1,NA,NA,Antonia Ludwig,10/05/2019,cloudy/sunny,0,1,0,0,5,1,4,0,0.2,,,,,
LAK,60U,U,Acer_pseudoplatanus,1,Arth,1,1,NA,NA,Antonia Ludwig,12/05/2019,cloudy/sunny,0,1,0,0,5,1,4,0,0.2,,,,,
LAK,73U,U,Acer_pseudoplatanus,1,Arth,1,1,NA,NA,Antonia Ludwig,12/05/2019,cloudy/sunny,0,1,0,0,5,1,4,0,0.2,,,,,
LAK,76U,U,Acer_pseudoplatanus,1,Arth,1,1,NA,NA,Antonia Ludwig,12/05/2019,cloudy/sunny,0,1,0,0,5,1,4,0,0.2,,,,,
TOM,TOM_SP13,C,Magnolia_kobus,4,1,Mam,Mam,Bird,Bird,abe+katka/mata,23/07/2018,"nice, sunny",2,0,2,0,5,4,1,0.4,0,,,,1,1
TOM,TOM_SP13,C,Magnolia_kobus,6,1,Arth,1,Bird,Bird,abe+katka/mata,23/07/2018,"nice, sunny",2,1,0,0,5,3,2,0.4,0.2,,,,1,1
EUC,EUC_SP6,U,Breynia_oblingifolia,7,1,1,Bird,Bird,1,honza,11/04/2019,cloudy/sunny,2,0,0,0,5,2,3,0.4,0,,,1,1,
EUC,EUC_SP8,U,Eucalyptus_pruinosa,8,1,1,Bird,Bird,1,honza,11/04/2019,cloudy/sunny,2,0,0,0,5,2,3,0.4,0,,,1,1,
EUC,EUC_SP10,C,Eucalyptus_tereticornis,5,1,Arth,1,Bird,Bird,sara,15/04/2019,sunny,2,1,0,0,5,3,2,0.4,0.2,,,,1,1
EUC,EUC_SP11,C,Eucalyptus_tereticornis,6,1,1,Bird,Bird,1,sara,15/04/2019,sunny,2,0,0,0,5,2,3,0.4,0,,,1,1,
EUC,EUC_SP13,C,Eucalyptus_tereticornis,4,1,Bird,Bird,Bird,1,sara,15/04/2019,sunny,3,0,0,0,5,3,2,0.6,0,,1,1,1,
BUB,BUB_SP14,C,Sloanea_tomentosa,1,1,1,1,Bird,Bird,legi,02/04/2019,cloudy/sunny,2,0,0,0,5,2,3,0.4,0,,,,1,1
KAK,KAK_SP7,U,Xanthophyllum_papuanum,4,1,Bird,1,Bird,1,Bonny Koane/Kore,25/09/2020,cloudy/sunny,2,0,0,0,5,2,3,0.4,0,,1,,1,
TOM,TOM_SP9,C,Acer_mono,6,Arth,Arth,Bird,Arth,Bird,abe+katka/mata,23/07/2018,"nice, sunny",2,3,0,0,5,5,0,0.4,0.6,,,1,,1
TOM,TOM_SP9,C,Acer_mono,7,Arth,Bird,1,Mam,Bird,abe+katka/mata,23/07/2018,"nice, sunny",2,1,1,0,5,4,1,0.4,0.2,,1,,,1
DRO,DRO_SP10,C,Argyrodendron_peralatum,5,Bird,Bird,Bird,Bird,1,marketa,29/11/2018,sunny,4,0,0,0,5,4,1,0.8,0,1,1,1,1,
TOM,TOM_SP13,C,Magnolia_kobus,5,Arth,1,Mam,Bird,Bird,abe+katka/mata,23/07/2018,"nice, sunny",2,1,2,0,5,5,0,0.4,0.2,,,,1,1
DRO,DRO_SP14,C,Ficus_hahliana,8,Bird,1,1,1,1,marketa,29/11/2018,sunny,1,0,0,0,5,1,4,0.2,0,1,,,,
DRO,DRO_SP15,C,Dysoxylum_arborescens,2,Bird,1,1,Bird,Bird,marketa,29/11/2018,sunny,3,0,0,0,5,3,2,0.6,0,1,,,1,1
DRO,DRO_SP15,C,Dysoxylum_arborescens,3,Bird,1,1,1,Bird,marketa,29/11/2018,sunny,2,0,0,0,5,2,3,0.4,0,1,,,,1
DRO,DRO_SP15,C,Dysoxylum_arborescens,5,Bird,Bird,Bird,1,1,marketa,29/11/2018,sunny,3,0,0,0,5,3,2,0.6,0,1,1,1,,
DRO,DRO_SP15,C,Dysoxylum_arborescens,6,Bird,Bird,Bird,1,1,marketa,29/11/2018,sunny,3,0,0,0,5,3,2,0.6,0,1,1,1,,
TOM,TOM_SP15,C,Ostrya_japonica,6,Arth,Snail,Bird,Bird,1,abe+katka/mata,23/07/2018,"nice, sunny",2,1,0,1,4,3,1,0.5,0.25,,,1,1,
TOM,TOM_SP4,U,Acer_mono,2,Bird,1,1,Bird,1,legi+mata/katka,23/07/2018,partly cloudy,2,0,0,0,5,2,3,0.4,0,1,,,1,
TOM,TOM_SP8,U,Betula_maximowiczia,2,Bird,Bird,1,1,1,legi+mata/katka,31/08/2018,partly cloudy,2,0,0,0,5,2,3,0.4,0,1,1,,,
TOM,TOM_SP10,C,Acer_palmatum,2,Bird,1,1,1,Bird,abe+katka/mata,23/07/2018,"nice, sunny",2,0,0,0,5,2,3,0.4,0,1,,,,1
TOM,TOM_SP13,C,Magnolia_kobus,7,Bird,1,Mam,Mam,Bird,abe+katka/mata,23/07/2018,"nice, sunny",2,0,2,0,5,4,1,0.4,0,1,,,,1
EUC,EUC_SP5,U,Acacia_parramattensis,1,Bird,1,1,1,Bird,honza,11/04/2019,cloudy/sunny,2,0,0,0,5,2,3,0.4,0,1,,,,1
EUC,EUC_SP8,U,Eucalyptus_pruinosa,7,Bird,1,1,1,Bird,honza,11/04/2019,cloudy/sunny,2,0,0,0,5,2,3,0.4,0,1,,,,1
BUB,BUB_SP1,U,,1,Bird,1,Arth,1,1,sara + sam,06/09/2019,cloudy/sunny,1,1,0,0,5,2,3,0.2,0.2,1,,,,
EUC,EUC_SP10,C,Eucalyptus_tereticornis,6,Bird,Arth,Bird,Arth,Arth,sara,15/04/2019,sunny,2,3,0,0,5,5,0,0.4,0.6,1,,1,,
TOM,TOM_SP10,C,Acer_palmatum,6,snail,Bird,Mam,1,Bird,abe+katka/mata,23/07/2018,"nice, sunny",2,0,1,0,5,3,2,0.4,0,,1,,,1
KAK,KAK_SP1,U,Pometia_pinnata,3,Bird,1,Arth,1,1,Bonny Koane/Kore,25/09/2020,cloudy/sunny,1,1,0,0,5,2,3,0.2,0.2,1,,,,
KAK,KAK_SP1,U,Pometia_pinnata,6,Bird,1,1,1,Arth,Bonny Koane/Kore,25/09/2020,cloudy/sunny,1,1,0,0,5,2,3,0.2,0.2,1,,,,
KAK,KAK_SP1,U,Pometia_pinnata,8,Bird,1,1,Lizard,Arth,Bonny Koane/Kore,25/09/2020,cloudy/sunny,1,1,1,0,5,3,2,0.2,0.2,1,,,,
TOM,TOM_SP13,C,Magnolia_kobus,3,1,Mam,Bird,Bird,Bird,abe+katka/mata,23/07/2018,"nice, sunny",3,0,1,0,5,4,1,0.6,0,,,1,1,1
EUC,EUC_SP12,C,Eucalyptus_tereticornis,8,1,Bird,Bird,Bird,1,sara,15/04/2019,sunny,3,0,0,0,5,3,2,0.6,0,,1,1,1,
KAK,KAK_SP4,U,Dysoxylum_arborescens,8,Bird,Bird,Arth,1,1,Bonny Koane/Kore,25/09/2020,cloudy/sunny,2,1,0,0,5,3,2,0.4,0.2,1,1,,,
KAK,KAK_SP6,U,Syzygium_longipes,1,Bird,1,1,1,Arth,Bonny Koane/Kore,25/09/2020,cloudy/sunny,1,1,0,0,5,2,3,0.2,0.2,1,,,,
KAK,KAK_SP9,C,Pometia_pinnata,2,Bird,Bird,Arth,1,1,Bonny Koane,28/09/2020,cloudy/sunny,2,1,0,0,5,3,2,0.4,0.2,1,1,,,
KAK,KAK_SP9,C,Pometia_pinnata,3,Bird,1,1,1,1,Bonny Koane,28/09/2020,cloudy/sunny,1,0,0,0,5,1,4,0.2,0,1,,,,
KAK,KAK_SP9,C,Pometia_pinnata,4,Bird,1,1,1,Bird,Bonny Koane,28/09/2020,cloudy/sunny,2,0,0,0,5,2,3,0.4,0,1,,,,1
KAK,KAK_SP9,C,Pometia_pinnata,5,Bird,1,1,1,1,Bonny Koane,28/09/2020,cloudy/sunny,1,0,0,0,5,1,4,0.2,0,1,,,,
KAK,KAK_SP9,C,Pometia_pinnata,6,Bird,1,1,1,1,Bonny Koane,28/09/2020,cloudy/sunny,1,0,0,0,5,1,4,0.2,0,1,,,,
KAK,KAK_SP10,C,Myristica_globosa,2,Bird,Bird,1,1,1,Bonny Koane,28/09/2020,cloudy/sunny,2,0,0,0,5,2,3,0.4,0,1,1,,,
KAK,KAK_SP10,C,Myristica_globosa,4,Bird,Bird,1,1,1,Bonny Koane,28/09/2020,cloudy/sunny,2,0,0,0,5,2,3,0.4,0,1,1,,,
KAK,KAK_SP10,C,Myristica_globosa,5,Bird,Bird,1,1,1,Bonny Koane,28/09/2020,cloudy/sunny,2,0,0,0,5,2,3,0.4,0,1,1,,,
KAK,KAK_SP11,C,Species_11,6,Bird,1,1,1,1,Bonny Koane,28/09/2020,cloudy/sunny,1,0,0,0,5,1,4,0.2,0,1,,,,
KAK,KAK_SP12,C,Dysoxylum_arborescens,2,Bird,1,1,1,1,Bonny Koane,28/09/2020,cloudy/sunny,1,0,0,0,5,1,4,0.2,0,1,,,,
KAK,KAK_SP12,C,Dysoxylum_arborescens,6,Bird,1,1,1,1,Bonny Koane,28/09/2020,cloudy/sunny,1,0,0,0,5,1,4,0.2,0,1,,,,
KAK,KAK_SP14,C,Species_14,3,Bird,1,1,1,1,Bonny Koane,28/09/2020,cloudy/sunny,1,0,0,0,5,1,4,0.2,0,1,,,,
KAK,KAK_SP14,C,Species_14,4,Bird,1,1,1,1,Bonny Koane,28/09/2020,cloudy/sunny,1,0,0,0,5,1,4,0.2,0,1,,,,
KAK,KAK_SP14,C,Species_14,5,Bird,1,1,1,Bird,Bonny Koane,28/09/2020,cloudy/sunny,2,0,0,0,5,2,3,0.4,0,1,,,,1
DRO,DRO_SP12,C,Syzygium_graveolens,5,Arth,Arth,Bird,Bird,Bird,marketa,29/11/2018,sunny,3,2,0,0,5,5,0,0.6,0.4,,,1,1,1
TOM,TOM_SP9,C,Acer_mono,2,Bird,1,Bird,Arth,Bird,abe+katka/mata,23/07/2018,"nice, sunny",3,1,0,0,5,4,1,0.6,0.2,1,,1,,1
EUC,EUC_SP8,U,Eucalyptus_pruinosa,4,Mam,1,1,1,Arth,honza,11/04/2019,cloudy/sunny,0,1,1,0,5,2,3,0,0.2,,,,,
EUC,EUC_SP10,C,Eucalyptus_tereticornis,2,Mam,Arth,1,1,1,sara,15/04/2019,sunny,0,1,1,0,5,2,3,0,0.2,,,,,
TOM,TOM_SP14,C,Prunus_ssiori,5,Bird,Bird,Bird,1,Mam,abe+katka/mata,23/07/2018,"nice, sunny",3,0,1,0,5,4,1,0.6,0,1,1,1,,
